,1990,2005,2010,2015,2020,2025,2030,2035,2040,2045,2050,2055,2060,SSP,Version,GCAM,input,cat
0,393.595412,497.8182174,486.68747,492.910774,525.3398099999999,,,,-0.2592787067295948,-0.913248147913162,-0.30937166390441656,-0.24260907185710295,-0.24736397998774434,SSP1,Lower CI,USA,Non-Staples,USANon-Staples
1,393.595412,497.8182174,486.68747,492.910774,525.3398099999999,,,,-0.12550656397800708,-0.3165545613959466,-0.1705292266420031,-0.135151070387991,-0.1521351871499803,SSP1,Median,USA,Non-Staples,USANon-Staples
2,393.595412,497.8182174,486.68747,492.910774,525.3398099999999,,,,0.25750241301755866,0.3880327808598123,-0.04110604596262818,-0.0008862397421387225,-0.042969007223317326,SSP1,Upper CI,USA,Non-Staples,USANon-Staples
21,222.6528,267.41264,253.14864,249.95206,259.27668,,,,0.008298094271108218,-0.025181343653716333,-0.0009269859000561702,0.011479351546518045,0.01226886956802294,SSP1,Lower CI,USA,Staples,USAStaples
22,222.6528,267.41264,253.14864,249.95206,259.27668,,,,0.03873688117999752,0.011216376180000154,0.01424857496000076,0.02323974660000072,0.02034913837999941,SSP1,Median,USA,Staples,USAStaples
23,222.6528,267.41264,253.14864,249.95206,259.27668,,,,0.08099818660000041,0.09066685106312802,0.034706186225771596,0.032842251773483204,0.027614837871976054,SSP1,Upper CI,USA,Staples,USAStaples
42,68.399932,115.81066799999999,151.140532,163.566426,199.655226,,,,-0.26867428458590903,-0.9017639143266123,-0.582811466900519,-0.6481230463780998,-0.7898998641292801,SSP1,Lower CI,Eastern Africa,Non-Staples,Eastern AfricaNon-Staples
43,68.399932,115.81066799999999,151.140532,163.566426,199.655226,,,,-0.1486114726799883,-0.3901327516740025,-0.44985862455600056,-0.5514506459599886,-0.6626009588700157,SSP1,Median,Eastern Africa,Non-Staples,Eastern AfricaNon-Staples
44,68.399932,115.81066799999999,151.140532,163.566426,199.655226,,,,-0.0457173660851732,-0.04821541242845523,-0.3288628680614054,-0.39224312130873723,-0.4940191271890516,SSP1,Upper CI,Eastern Africa,Non-Staples,Eastern AfricaNon-Staples
63,134.5848,211.7554,247.8582,298.02459999999996,323.6172,,,,0.19245918625265307,0.05024630756227022,0.07428894386351041,0.08890357280887957,0.08959257769460768,SSP1,Lower CI,Eastern Africa,Staples,Eastern AfricaStaples
64,134.5848,211.7554,247.8582,298.02459999999996,323.6172,,,,0.21284943214000052,0.12498819908000058,0.08938154330000003,0.09550386991999993,0.09460363758000057,SSP1,Median,Eastern Africa,Staples,Eastern AfricaStaples
65,134.5848,211.7554,247.8582,298.02459999999996,323.6172,,,,0.23050145146290252,0.1796553474189034,0.11429060749649313,0.11122974928254754,0.1056453383149176,SSP1,Upper CI,Eastern Africa,Staples,Eastern AfricaStaples
84,61.3526848,102.5545752,133.4121022,161.484488,187.31054424,,,,-0.024406450472598436,-0.7053945345759567,-0.18841472686951463,-0.14772613357672465,-0.16812197562062337,SSP1,Lower CI,Northern Africa,Non-Staples,Northern AfricaNon-Staples
85,61.3526848,102.5545752,133.4121022,161.484488,187.31054424,,,,0.06923438385577185,-0.1231033932456711,-0.11454230505864871,-0.09545555631927982,-0.12515646402454195,SSP1,Median,Northern Africa,Non-Staples,Northern AfricaNon-Staples
86,61.3526848,102.5545752,133.4121022,161.484488,187.31054424,,,,0.1405130448493107,0.23371160441894756,-0.036058828504760304,-0.026766276268163698,-0.06933225650412685,SSP1,Upper CI,Northern Africa,Non-Staples,Northern AfricaNon-Staples
105,196.17172,257.85462,265.95816,277.69158,289.08008,,,,0.12356045329268672,-0.06242388297212814,0.06765131584648179,0.08605481594587372,0.07958920896894944,SSP1,Lower CI,Northern Africa,Staples,Northern AfricaStaples
106,196.17172,257.85462,265.95816,277.69158,289.08008,,,,0.14697414460000147,0.09459375135599934,0.09122126246399986,0.09883629698000185,0.0879894053919994,SSP1,Median,Northern Africa,Staples,Northern AfricaStaples
107,196.17172,257.85462,265.95816,277.69158,289.08008,,,,0.18286183349042584,0.19214433747824433,0.12071867203332762,0.11222481877660626,0.09734484305448021,SSP1,Upper CI,Northern Africa,Staples,Northern AfricaStaples
126,26.7609422,46.848942,69.58591200000001,94.001554,115.81227200000001,,,,-0.12152161139377005,-0.22345109318207157,-0.25773350342097895,-0.24644951946218147,-0.2670770677328916,SSP1,Lower CI,Southern Africa,Non-Staples,Southern AfricaNon-Staples
127,26.7609422,46.848942,69.58591200000001,94.001554,115.81227200000001,,,,-0.07361442490999792,-0.133941051791993,-0.17653004983998954,-0.2040421605200038,-0.2228186109939969,SSP1,Median,Southern Africa,Non-Staples,Southern AfricaNon-Staples
128,26.7609422,46.848942,69.58591200000001,94.001554,115.81227200000001,,,,-0.01389781252624097,-0.031352961024973355,-0.1332455110891004,-0.150969948461256,-0.17298095961090437,SSP1,Upper CI,Southern Africa,Non-Staples,Southern AfricaNon-Staples
147,90.04428,132.95054,151.85102,166.79462,179.3016,,,,0.02933944316296229,-0.004335483351441221,-0.023466599642282704,-0.0014934976351920204,0.0038231502067172097,SSP1,Lower CI,Southern Africa,Staples,Southern AfricaStaples
148,90.04428,132.95054,151.85102,166.79462,179.3016,,,,0.04006063452400177,0.008967503070000049,0.0024342384480018353,0.00595106058799999,0.006721444374001351,SSP1,Median,Southern Africa,Staples,Southern AfricaStaples
149,90.04428,132.95054,151.85102,166.79462,179.3016,,,,0.04831693838770697,0.038408904545793585,0.019247066762093187,0.011570153621095845,0.011503246016141116,SSP1,Upper CI,Southern Africa,Staples,Southern AfricaStaples
168,93.55788,162.34953,226.33704,280.17826,346.76864,,,,-0.5493157550432971,-4.694784308823633,-0.8234970523087901,-0.8358168089390726,-0.9810089697061604,SSP1,Lower CI,Western Africa,Non-Staples,Western AfricaNon-Staples
169,93.55788,162.34953,226.33704,280.17826,346.76864,,,,-0.3196708969600195,-0.5104638096199778,-0.5987378798799909,-0.7051060474000508,-0.8329443428799834,SSP1,Median,Western Africa,Non-Staples,Western AfricaNon-Staples
170,93.55788,162.34953,226.33704,280.17826,346.76864,,,,-0.10186372896114737,0.8127748825577514,-0.4478444471921546,-0.3273453869371771,-0.5939543817166735,SSP1,Upper CI,Western Africa,Non-Staples,Western AfricaNon-Staples
189,271.37935999999996,422.9282,507.07759999999996,588.3718,638.9058,,,,0.10520512833718346,-1.1583696673048864,-0.08194885287566493,0.011249550286466785,0.017704400772034667,SSP1,Lower CI,Western Africa,Staples,Western AfricaStaples
190,271.37935999999996,422.9282,507.07759999999996,588.3718,638.9058,,,,0.14783580036000643,0.028531785419993128,0.01917665671999913,0.034590926639999964,0.03656768120000464,SSP1,Median,Western Africa,Staples,Western AfricaStaples
191,271.37935999999996,422.9282,507.07759999999996,588.3718,638.9058,,,,0.17276744005838549,0.40221344243430074,0.0921718361213701,0.11576851717829373,0.08558795746034908,SSP1,Upper CI,Western Africa,Staples,Western AfricaStaples
210,27.311495999999998,31.954646,39.896912,45.217942,49.512072,,,,-0.03150894938990216,-0.08306396142588063,-0.06116866987254464,-0.04955301883705385,-0.054410860639927366,SSP1,Lower CI,Australia and New Zealand,Non-Staples,Australia and New ZealandNon-Staples
211,27.311495999999998,31.954646,39.896912,45.217942,49.512072,,,,-0.0192156802700012,-0.03773263307399688,-0.038433865662000244,-0.03867253254200165,-0.04382509820799996,SSP1,Median,Australia and New Zealand,Non-Staples,Australia and New ZealandNon-Staples
212,27.311495999999998,31.954646,39.896912,45.217942,49.512072,,,,-0.0006823992732080519,0.004282983272006741,-0.029841990095266405,-0.02750179200066478,-0.0334454135436902,SSP1,Upper CI,Australia and New Zealand,Non-Staples,Australia and New ZealandNon-Staples
231,13.526174,17.579998000000003,17.648928,20.257906,21.667226,,,,0.0007956126622352079,-0.0044885790854140555,-0.004730475245821546,-0.0010484944404798682,-0.0009097408877537756,SSP1,Lower CI,Australia and New Zealand,Staples,Australia and New ZealandStaples
232,13.526174,17.579998000000003,17.648928,20.257906,21.667226,,,,0.004596200908200121,-0.0011259208293999956,-0.0010176908865999756,0.00015210202880000523,-7.283304759986287e-05,SSP1,Median,Australia and New Zealand,Staples,Australia and New ZealandStaples
233,13.526174,17.579998000000003,17.648928,20.257906,21.667226,,,,0.007895624372920497,0.00775162025459048,0.001839576387383541,0.0012206653310324318,0.0008822351289730267,SSP1,Upper CI,Australia and New Zealand,Staples,Australia and New ZealandStaples
252,131.157228,210.196242,262.178318,303.763106,331.70480399999997,,,,-0.25663957980146046,-0.34074895914979286,-0.279955683691353,-0.2624455741378944,-0.2629304396173758,SSP1,Lower CI,Brazil,Non-Staples,BrazilNon-Staples
253,131.157228,210.196242,262.178318,303.763106,331.70480399999997,,,,-0.18478297214799966,-0.20882308026200036,-0.21737173866199555,-0.23099093245600244,-0.22481784014400574,SSP1,Median,Brazil,Non-Staples,BrazilNon-Staples
254,131.157228,210.196242,262.178318,303.763106,331.70480399999997,,,,-0.10718906175855081,-0.07470992242173646,-0.18098257667949746,-0.1646029045363936,-0.17479928200053518,SSP1,Upper CI,Brazil,Non-Staples,BrazilNon-Staples
273,137.025152,179.39366,175.61504,171.58442,174.25060000000002,,,,0.04115819987062551,0.02960565700276247,0.03996699550634302,0.042270526526488494,0.03993975934964847,SSP1,Lower CI,Brazil,Staples,BrazilStaples
274,137.025152,179.39366,175.61504,171.58442,174.25060000000002,,,,0.0584025739039995,0.04849722079800012,0.04492602341200014,0.04533788378399972,0.042454037041999904,SSP1,Median,Brazil,Staples,BrazilStaples
275,137.025152,179.39366,175.61504,171.58442,174.25060000000002,,,,0.06800350561292931,0.06327167399323752,0.0489178567717519,0.04834642608208256,0.044888684569970555,SSP1,Upper CI,Brazil,Staples,BrazilStaples
294,41.221137,50.167593399999994,49.626433,53.533206,57.44877654,,,,-0.07200186889186991,-0.16211446371870827,-0.08045800941255599,-0.07197999002919778,-0.07424684507854444,SSP1,Lower CI,Canada,Non-Staples,CanadaNon-Staples
295,41.221137,50.167593399999994,49.626433,53.533206,57.44877654,,,,-0.05378994575911733,-0.06016395391850082,-0.06195536986067651,-0.06012162490535644,-0.06432050212663754,SSP1,Median,Canada,Non-Staples,CanadaNon-Staples
296,41.221137,50.167593399999994,49.626433,53.533206,57.44877654,,,,-0.019556509453488226,0.009748506961197861,-0.04949708662739133,-0.04722363519091243,-0.05262189303052815,SSP1,Upper CI,Canada,Non-Staples,CanadaNon-Staples
315,20.351208,30.936848,30.627222,28.473959999999998,29.9752,,,,0.00633091623913634,-0.008078859435502121,-0.0008168636826214265,0.0024235021380191466,0.0027656044630559144,SSP1,Lower CI,Canada,Staples,CanadaStaples
316,20.351208,30.936848,30.627222,28.473959999999998,29.9752,,,,0.012003865404000003,0.0038918370000000646,0.0021366900320001214,0.003837871941999804,0.0037014618560000656,SSP1,Median,Canada,Staples,CanadaStaples
317,20.351208,30.936848,30.627222,28.473959999999998,29.9752,,,,0.015752833843530406,0.015475567012914151,0.005604923927383403,0.005360906367694863,0.004844210646658454,SSP1,Upper CI,Canada,Staples,CanadaStaples
336,35.2653828,55.5889362,73.844025,87.9514174,97.226772,,,,-0.03409663247689919,-0.35155272688155215,-0.12389226171557079,-0.05508862321860997,-0.05944999113637516,SSP1,Lower CI,Central America and Caribbean,Non-Staples,Central America and CaribbeanNon-Staples
337,35.2653828,55.5889362,73.844025,87.9514174,97.226772,,,,-0.01229472079959848,-0.0525878769737993,-0.042852562502400104,-0.04318491164439919,-0.04596297857699838,SSP1,Median,Central America and Caribbean,Non-Staples,Central America and CaribbeanNon-Staples
338,35.2653828,55.5889362,73.844025,87.9514174,97.226772,,,,0.016001191072191587,0.06503459029152953,-0.009123368093803805,-0.01871698239990659,-0.02507075669861588,SSP1,Upper CI,Central America and Caribbean,Non-Staples,Central America and CaribbeanNon-Staples
357,49.884164,61.431742,70.09242,76.2433,77.83632,,,,0.05203430719033112,-0.19779420620230787,-0.060995904391704096,0.03607175866808375,0.035415554768389486,SSP1,Lower CI,Central America and Caribbean,Staples,Central America and CaribbeanStaples
358,49.884164,61.431742,70.09242,76.2433,77.83632,,,,0.06457293587000024,0.04080955205400061,0.03974402731999982,0.03985559585399967,0.03724979021800001,SSP1,Median,Central America and Caribbean,Staples,Central America and CaribbeanStaples
359,49.884164,61.431742,70.09242,76.2433,77.83632,,,,0.06648666758033611,0.11709257551172016,0.07326495948332354,0.042746650895916075,0.04275122699751529,SSP1,Upper CI,Central America and Caribbean,Staples,Central America and CaribbeanStaples
378,49.01606,49.9461292,69.7758118,92.063128,104.523508,,,,-0.16655906101531626,-0.6645934853746938,-0.36276575472259787,-0.2498547968871301,-0.24835268928661647,SSP1,Lower CI,Central Asia,Non-Staples,Central AsiaNon-Staples
379,49.01606,49.9461292,69.7758118,92.063128,104.523508,,,,-0.14737742568500067,-0.22191255649840258,-0.23175816295720608,-0.23114108170840098,-0.23439428237360005,SSP1,Median,Central Asia,Non-Staples,Central AsiaNon-Staples
380,49.01606,49.9461292,69.7758118,92.063128,104.523508,,,,-0.11892731361544173,-0.12133792031578439,-0.2058525230227528,-0.21362078234683288,-0.21710633745593533,SSP1,Upper CI,Central Asia,Non-Staples,Central AsiaNon-Staples
399,95.68104,99.35616,97.6679,96.86576000000001,97.79574,,,,0.006183443709833887,-0.1600289107888174,-0.049351665854092334,-0.006688252763704739,-0.004989537358737871,SSP1,Lower CI,Central Asia,Staples,Central AsiaStaples
400,95.68104,99.35616,97.6679,96.86576000000001,97.79574,,,,0.015968756089999925,-0.00779013373199966,-0.004758711777999913,-0.0029205468199999807,-0.003280854962000035,SSP1,Median,Central Asia,Staples,Central AsiaStaples
401,95.68104,99.35616,97.6679,96.86576000000001,97.79574,,,,0.02043981012749933,0.04205979402058218,0.0067943325152355,0.0012892319819907752,0.0011896351046425061,SSP1,Upper CI,Central Asia,Staples,Central AsiaStaples
420,479.929748,1076.3062340000001,1336.86044,1541.1608999999999,1775.15786,,,,-1.1312418066310788,-2.7136681481206786,-0.9702137391966164,-1.0006357405142872,-0.8582344370963315,SSP1,Lower CI,China,Non-Staples,ChinaNon-Staples
421,479.929748,1076.3062340000001,1336.86044,1541.1608999999999,1775.15786,,,,-0.5490138621000824,-0.9962097536199508,-0.5708654503198431,-0.660946630539911,-0.41620897840005,SSP1,Median,China,Non-Staples,ChinaNon-Staples
422,479.929748,1076.3062340000001,1336.86044,1541.1608999999999,1775.15786,,,,0.901209486270955,1.822627025480715,0.35241391272075706,0.16493040196593423,0.04152101679344955,SSP1,Upper CI,China,Non-Staples,ChinaNon-Staples
441,1567.4292,1657.6644000000001,1692.5233999999998,1773.4756,1748.525,,,,1.733590962464954,1.6251390888429726,1.7540542314678536,1.5483987337451461,1.4120322706509107,SSP1,Lower CI,China,Staples,ChinaStaples
442,1567.4292,1657.6644000000001,1692.5233999999998,1773.4756,1748.525,,,,1.8710723242,2.0280214546399975,1.8374203807799887,1.6042323833600136,1.4995193431799976,SSP1,Median,China,Staples,ChinaStaples
443,1567.4292,1657.6644000000001,1692.5233999999998,1773.4756,1748.525,,,,2.174905172859487,2.53079266006998,2.123599004082612,1.7985880855101102,1.5793899934652813,SSP1,Upper CI,China,Staples,ChinaStaples
462,128.293558,126.21683,126.2418596,126.2764292,132.044345086,,,,-0.13306548178964422,-0.17694167799569538,-0.10383620149927807,-0.090202805058465,-0.08901337597679286,SSP1,Lower CI,Northeastern EU,Non-Staples,Northeastern EUNon-Staples
463,128.293558,126.21683,126.2418596,126.2764292,132.044345086,,,,-0.054202570056290256,-0.06532841608981599,-0.0820736717239221,-0.0736338600884352,-0.0756312753705437,SSP1,Median,Northeastern EU,Non-Staples,Northeastern EUNon-Staples
464,128.293558,126.21683,126.2418596,126.2764292,132.044345086,,,,0.001884473916692983,0.02238264679065062,-0.05596665987474635,-0.05317564049430536,-0.060607868780056785,SSP1,Upper CI,Northeastern EU,Non-Staples,Northeastern EUNon-Staples
483,121.62328,113.28778,107.12695599999999,101.244302,100.21124,,,,-0.021998612327186626,-0.02655393923460149,-0.015332265957382983,-0.010041547089159754,-0.007943435256871096,SSP1,Lower CI,Northeastern EU,Staples,Northeastern EUStaples
484,121.62328,113.28778,107.12695599999999,101.244302,100.21124,,,,0.0017193470239997843,-0.010111138265200381,-0.011723599749599689,-0.005583771401600046,-0.005408796001800553,SSP1,Median,Northeastern EU,Staples,Northeastern EUStaples
485,121.62328,113.28778,107.12695599999999,101.244302,100.21124,,,,0.017671172656430853,0.02492672044549482,-0.0016011540698356438,-0.002241093637240128,-0.0034141962278345186,SSP1,Upper CI,Northeastern EU,Staples,Northeastern EUStaples
504,523.242858,581.44601,605.896086,608.646446,630.678656,,,,-0.4593985378481118,-0.9611797831083947,-0.5400323577918186,-0.4314182221977646,-0.4106919277421693,SSP1,Lower CI,Western EU,Non-Staples,Western EUNon-Staples
505,523.242858,581.44601,605.896086,608.646446,630.678656,,,,-0.2795464192919894,-0.44692177877999484,-0.36183799220404467,-0.2855475266520102,-0.31720857605000674,SSP1,Median,Western EU,Non-Staples,Western EUNon-Staples
506,523.242858,581.44601,605.896086,608.646446,630.678656,,,,0.14547541118143836,0.42687254772648886,-0.17862429593414078,-0.15494240962336467,-0.21370356896221937,SSP1,Upper CI,Western EU,Non-Staples,Western EUNon-Staples
525,304.61154,338.99271999999996,337.91483999999997,344.45025999999996,350.20748000000003,,,,-0.03147399316811344,-0.11302241489021439,-0.05361562311039864,-0.02296213674998087,-0.013241452332216765,SSP1,Lower CI,Western EU,Staples,Western EUStaples
526,304.61154,338.99271999999996,337.91483999999997,344.45025999999996,350.20748000000003,,,,0.027612657057998646,-0.007518015708001258,-0.014041508604000441,0.0037457539779985893,0.0005277964339995833,SSP1,Median,Western EU,Staples,Western EUStaples
527,304.61154,338.99271999999996,337.91483999999997,344.45025999999996,350.20748000000003,,,,0.10402819368588928,0.1794852626022135,0.03312117542277992,0.026289755820643898,0.014467846824598375,SSP1,Upper CI,Western EU,Staples,Western EUStaples
546,71.834703,56.917258000000004,63.357045400000004,62.1816818,65.74335614,,,,-0.06046515548458892,-0.07219457716012191,-0.05001098714695971,-0.04356646191807941,-0.04262559597651623,SSP1,Lower CI,Eastern Europe,Non-Staples,Eastern EuropeNon-Staples
547,71.834703,56.917258000000004,63.357045400000004,62.1816818,65.74335614,,,,-0.025004751560182115,-0.03185475897998202,-0.03952163799108099,-0.03405601424799798,-0.035573834611620114,SSP1,Median,Eastern Europe,Non-Staples,Eastern EuropeNon-Staples
548,71.834703,56.917258000000004,63.357045400000004,62.1816818,65.74335614,,,,-0.003152836045091676,0.002446496742301782,-0.028311129672552664,-0.025387765788189236,-0.027555641402891493,SSP1,Upper CI,Eastern Europe,Non-Staples,Eastern EuropeNon-Staples
567,78.249844,88.412586,63.079912,62.24624,59.421416,,,,-0.0008068348034781254,-0.005874927145703429,-0.004098770405536159,-0.0024649346513415534,-0.002120787189591655,SSP1,Lower CI,Eastern Europe,Staples,Eastern EuropeStaples
568,78.249844,88.412586,63.079912,62.24624,59.421416,,,,0.002015641774799737,-0.001144404734999993,-0.002556648163200115,-0.0015069204357999189,-0.0014744373586000892,SSP1,Median,Eastern Europe,Staples,Eastern EuropeStaples
569,78.249844,88.412586,63.079912,62.24624,59.421416,,,,0.006747884297700104,0.006960457808691638,-0.0001948887833400734,-0.00036233207679162247,-0.0007199554688656221,SSP1,Upper CI,Eastern Europe,Staples,Eastern EuropeStaples
588,71.362972,88.713956,110.794108,131.105498,142.340138,,,,-0.30563293732074465,-0.6508316844794112,-0.3984662645282017,-0.3933695828966601,-0.4142538517277923,SSP1,Lower CI,Other Europe,Non-Staples,Other EuropeNon-Staples
589,71.362972,88.713956,110.794108,131.105498,142.340138,,,,-0.1871390681900067,-0.3192704941080038,-0.3531504984040126,-0.35907154750799464,-0.38704711585999974,SSP1,Median,Other Europe,Non-Staples,Other EuropeNon-Staples
590,71.362972,88.713956,110.794108,131.105498,142.340138,,,,-0.09642881214636867,-0.10755092342624384,-0.29573321108248213,-0.30012337969134334,-0.34858915165468585,SSP1,Upper CI,Other Europe,Non-Staples,Other EuropeNon-Staples
609,126.782716,129.617772,120.73096,118.47428000000001,121.16598,,,,-0.0025384707785750873,-0.039070866741397335,-0.009273597241065343,-4.337052786698107e-05,8.484843954324403e-05,SSP1,Lower CI,Other Europe,Staples,Other EuropeStaples
610,126.782716,129.617772,120.73096,118.47428000000001,121.16598,,,,0.02893335901000027,0.005851657360000484,0.001243558221999841,0.007752875841999796,0.004370358795999785,SSP1,Median,Other Europe,Staples,Other EuropeStaples
611,126.782716,129.617772,120.73096,118.47428000000001,121.16598,,,,0.057366968480352803,0.053167674669162036,0.019405510741636777,0.014182565107295864,0.007989350471694575,SSP1,Upper CI,Other Europe,Staples,Other EuropeStaples
630,18.5377608,20.347603200000002,21.3700682,21.4275528,22.6565089492,,,,-0.012711058946622888,-0.05604288484870881,-0.011639819983378055,-0.00824545357404539,-0.007535959500424288,SSP1,Lower CI,European Free Trade Association,Non-Staples,European Free Trade AssociationNon-Staples
631,18.5377608,20.347603200000002,21.3700682,21.4275528,22.6565089492,,,,-0.0072922449707739645,-0.006455118169421681,-0.005094183843029398,-0.0036477311845821703,-0.003472406080332391,SSP1,Median,European Free Trade Association,Non-Staples,European Free Trade AssociationNon-Staples
632,18.5377608,20.347603200000002,21.3700682,21.4275528,22.6565089492,,,,0.003057340433155562,0.01966543639971492,0.0005833567789482828,0.002845421658601792,0.0020492396484505905,SSP1,Upper CI,European Free Trade Association,Non-Staples,European Free Trade AssociationNon-Staples
651,8.9407066,10.2774046,9.8472156,10.014857200000002,10.379447,,,,-1.846700622897316e-05,-0.008530709760605257,-0.0011422612645839501,-0.00010703738879080992,0.00014221987642358026,SSP1,Lower CI,European Free Trade Association,Staples,European Free Trade AssociationStaples
652,8.9407066,10.2774046,9.8472156,10.014857200000002,10.379447,,,,0.001450056059079996,0.0004652430435200805,-0.00016013723836000304,0.0005178874620799245,0.0005487258782601034,SSP1,Median,European Free Trade Association,Staples,European Free Trade AssociationStaples
653,8.9407066,10.2774046,9.8472156,10.014857200000002,10.379447,,,,0.0027180184256867168,0.004258527858866493,0.0008728923863781644,0.0011140371164670444,0.0009758073447898405,SSP1,Upper CI,European Free Trade Association,Staples,European Free Trade AssociationStaples
672,357.115508,526.89162,760.2044,982.8848,1186.1022,,,,-0.22938334295417473,-1.6285220905144213,-1.6393580306690663,-1.6673688625389544,-1.6912000329538923,SSP1,Lower CI,India,Non-Staples,IndiaNon-Staples
673,357.115508,526.89162,760.2044,982.8848,1186.1022,,,,0.11708040382001172,-0.7647483442800365,-1.4267865040999936,-1.5483749513420264,-1.6377908089959874,SSP1,Median,India,Non-Staples,IndiaNon-Staples
674,357.115508,526.89162,760.2044,982.8848,1186.1022,,,,0.31773209118085977,-0.005113949662066464,-1.1437823823061868,-1.2424009107085057,-1.4417795541059188,SSP1,Upper CI,India,Non-Staples,IndiaNon-Staples
693,1080.3144,1306.1892,1348.721,1374.3876,1395.5818,,,,4.219248159277161,3.618045883938059,3.3320186243794887,3.176981918557771,3.0043137374495976,SSP1,Lower CI,India,Staples,IndiaStaples
694,1080.3144,1306.1892,1348.721,1374.3876,1395.5818,,,,4.311567200559992,3.840939433839992,3.4247862190400014,3.2047882820199973,3.011368053600009,SSP1,Median,India,Staples,IndiaStaples
695,1080.3144,1306.1892,1348.721,1374.3876,1395.5818,,,,4.453315546065054,4.066218637396047,3.52578415705671,3.312808424659363,3.0805742706685115,SSP1,Upper CI,India,Staples,IndiaStaples
714,68.2256694,103.70515,125.4822,173.218906,211.946796,,,,0.004582374899279179,-2.534536555034668,-0.44491600610591775,-0.14229778260072934,-0.13630216085856,SSP1,Lower CI,Indonesia,Non-Staples,IndonesiaNon-Staples
715,68.2256694,103.70515,125.4822,173.218906,211.946796,,,,0.08097601196199378,-0.03580820098200377,-0.0583425491760039,-0.0641281419299986,-0.06263329571400789,SSP1,Median,Indonesia,Non-Staples,IndonesiaNon-Staples
716,68.2256694,103.70515,125.4822,173.218906,211.946796,,,,0.20459849788559878,0.9141458214485455,0.053132920543627254,0.10178660184586584,0.08634787534522839,SSP1,Upper CI,Indonesia,Non-Staples,IndonesiaNon-Staples
735,259.380984,314.993192,339.336528,368.704198,373.09301600000003,,,,0.662280722661914,-1.660748909062139,-1.0133370106608073,0.06255179847730091,0.5341242448143362,SSP1,Lower CI,Indonesia,Staples,IndonesiaStaples
736,259.380984,314.993192,339.336528,368.704198,373.09301600000003,,,,0.723595103544401,0.664122203591603,0.6154656470059976,0.5902583191329995,0.5595783841089954,SSP1,Median,Indonesia,Staples,IndonesiaStaples
737,259.380984,314.993192,339.336528,368.704198,373.09301600000003,,,,0.7827700377119998,1.4737803129527254,1.146405740310731,0.7750394925018775,0.6421492111245928,SSP1,Upper CI,Indonesia,Staples,IndonesiaStaples
756,100.3277952,109.0713992,112.02938520000001,115.6982308,123.371932,,,,-0.46098149915769887,-0.6857702956921349,-0.37788726967301434,-0.3405549431028278,-0.32325746487472373,SSP1,Lower CI,Japan,Non-Staples,JapanNon-Staples
757,100.3277952,109.0713992,112.02938520000001,115.6982308,123.371932,,,,-0.3785982969375965,-0.32692514797319916,-0.3086248721028113,-0.2801308954460069,-0.27505765608319166,SSP1,Median,Japan,Non-Staples,JapanNon-Staples
758,100.3277952,109.0713992,112.02938520000001,115.6982308,123.371932,,,,-0.21790461489952045,-0.07309601715946568,-0.2433738372971197,-0.2105041776948115,-0.20689863757763047,SSP1,Upper CI,Japan,Non-Staples,JapanNon-Staples
777,129.12925,118.2195,110.97684000000001,110.22348,109.11622,,,,2.9689904777889176,2.086374034897067,2.3996353424376884,2.511894357785305,2.4683517158432364,SSP1,Lower CI,Japan,Staples,JapanStaples
778,129.12925,118.2195,110.97684000000001,110.22348,109.11622,,,,3.0386560139400025,2.7257246889599998,2.585030808279999,2.5283845886200034,2.48099632916,SSP1,Median,Japan,Staples,JapanStaples
779,129.12925,118.2195,110.97684000000001,110.22348,109.11622,,,,3.043240285202195,3.063044472528817,2.666682058238503,2.550460983207078,2.497817408600575,SSP1,Upper CI,Japan,Staples,JapanStaples
798,66.754134,102.134898,125.4997484,143.0285328,155.0941674,,,,-0.10456540324159591,-0.24537503168614555,-0.13630669357716418,-0.12128943481664747,-0.1251070981309972,SSP1,Lower CI,Mexico,Non-Staples,MexicoNon-Staples
799,66.754134,102.134898,125.4997484,143.0285328,155.0941674,,,,-0.07023073478259789,-0.12934128106520149,-0.10244353237559523,-0.10070960631600201,-0.10232227384440051,SSP1,Median,Mexico,Non-Staples,MexicoNon-Staples
800,66.754134,102.134898,125.4997484,143.0285328,155.0941674,,,,-0.024946541638135693,-0.028993645013313987,-0.07779125476317632,-0.06788622499842895,-0.07429126633193744,SSP1,Upper CI,Mexico,Non-Staples,MexicoNon-Staples
819,102.47783,125.74426,121.8724,126.15092,130.48036,,,,0.011485877928010035,-0.03156313464408808,0.000948242696861429,0.004114927671153353,0.003281285261459508,SSP1,Lower CI,Mexico,Staples,MexicoStaples
820,102.47783,125.74426,121.8724,126.15092,130.48036,,,,0.014699757969999894,9.752806599960806e-05,0.005373967859999329,0.0068768964699996715,0.0058949707099995585,SSP1,Median,Mexico,Staples,MexicoStaples
821,102.47783,125.74426,121.8724,126.15092,130.48036,,,,0.0247368982511008,0.01955994377138175,0.011346296675138264,0.011204620929989136,0.009263912039872799,SSP1,Upper CI,Mexico,Staples,MexicoStaples
840,89.3553932,141.153186,194.346812,235.064734,269.085832,,,,-0.24607488174646142,-1.457973154856059,-0.7648539437997081,-0.6213101387150733,-0.6142580070492047,SSP1,Lower CI,Middle East,Non-Staples,Middle EastNon-Staples
841,89.3553932,141.153186,194.346812,235.064734,269.085832,,,,-0.15349006987399605,-0.47636309827801426,-0.5933732617639862,-0.5472648510919953,-0.5358054281039983,SSP1,Median,Middle East,Non-Staples,Middle EastNon-Staples
842,89.3553932,141.153186,194.346812,235.064734,269.085832,,,,0.04022062959046635,0.06144421716637016,-0.4763455034235312,-0.393879576630657,-0.4173575124346027,SSP1,Upper CI,Middle East,Non-Staples,Middle EastNon-Staples
861,180.2866,250.65832,242.2884,258.96104,278.60568,,,,0.2327478358799167,-0.12924661737569917,0.08874190653505983,0.17519981420295183,0.17665915403699053,SSP1,Lower CI,Middle East,Staples,Middle EastStaples
862,180.2866,250.65832,242.2884,258.96104,278.60568,,,,0.2671875103300003,0.1812233307760014,0.18050932518399954,0.196848439935998,0.18968022915799843,SSP1,Median,Middle East,Staples,Middle EastStaples
863,180.2866,250.65832,242.2884,258.96104,278.60568,,,,0.3077036862920846,0.33153844748510963,0.2269761850853223,0.2147343357785676,0.20444965023710096,SSP1,Upper CI,Middle East,Staples,Middle EastStaples
882,57.453492,95.26806,119.577602,143.2326734,166.02859377000001,,,,-1.2471928274882058,-1.5024356709985605,-1.58833614024386,-1.7809250545865583,-2.016677771625525,SSP1,Lower CI,Pakistan,Non-Staples,PakistanNon-Staples
883,57.453492,95.26806,119.577602,143.2326734,166.02859377000001,,,,-1.2054529457468277,-1.4010154103312686,-1.5427869618363914,-1.7588429861855204,-1.9925402534583654,SSP1,Median,Pakistan,Non-Staples,PakistanNon-Staples
884,57.453492,95.26806,119.577602,143.2326734,166.02859377000001,,,,-1.1420470668405807,-1.2818269205552308,-1.4902145427990394,-1.7091488510873525,-1.9535164632190747,SSP1,Upper CI,Pakistan,Non-Staples,PakistanNon-Staples
903,117.311286,160.54113999999998,171.60908,181.3999,191.30302,,,,-0.31373080800491415,-0.41694663445211055,-0.4756644297956332,-0.5332822644448606,-0.5950131373813112,SSP1,Lower CI,Pakistan,Staples,PakistanStaples
904,117.311286,160.54113999999998,171.60908,181.3999,191.30302,,,,-0.28841543814000037,-0.39601770217,-0.4697765793919997,-0.5289372131379997,-0.5914586699999997,SSP1,Median,Pakistan,Staples,PakistanStaples
905,117.311286,160.54113999999998,171.60908,181.3999,191.30302,,,,-0.2628580372181981,-0.35183603182012413,-0.4505556041003665,-0.5159410196484718,-0.5826410553744981,SSP1,Upper CI,Pakistan,Staples,PakistanStaples
924,146.33445,133.462848,166.857938,179.36042,189.42428999999998,,,,-0.08495998162088403,-0.1694523170788777,-0.11805569170405027,-0.09749176953371692,-0.09073547803288147,SSP1,Lower CI,Russia,Non-Staples,RussiaNon-Staples
925,146.33445,133.462848,166.857938,179.36042,189.42428999999998,,,,-0.055804302223997126,-0.07744804799600047,-0.0845892515399953,-0.07374396606199696,-0.07141688943199398,SSP1,Median,Russia,Non-Staples,RussiaNon-Staples
926,146.33445,133.462848,166.857938,179.36042,189.42428999999998,,,,0.0009174488017818366,0.018104506996523995,-0.0590018509348048,-0.05310830732304815,-0.054553529294346106,SSP1,Upper CI,Russia,Non-Staples,RussiaNon-Staples
945,179.4387038,163.883128,159.33344799999998,158.48770000000002,155.80916200000001,,,,0.06478135378469092,0.039719068538738106,0.04314301344640624,0.04763698236982986,0.04727119447937294,SSP1,Lower CI,Russia,Staples,RussiaStaples
946,179.4387038,163.883128,159.33344799999998,158.48770000000002,155.80916200000001,,,,0.07341437852980048,0.05484583495359985,0.048902050853799395,0.050802974609000184,0.04948870550559947,SSP1,Median,Russia,Staples,RussiaStaples
947,179.4387038,163.883128,159.33344799999998,158.48770000000002,155.80916200000001,,,,0.08002882406650948,0.07907230698140219,0.05604121105566977,0.05382794246133197,0.051673926433864696,SSP1,Upper CI,Russia,Staples,RussiaStaples
966,19.459044,29.7515566,40.5882918,48.5003112,54.6326038,,,,-0.09900064479603311,-0.15676678054623233,-0.11100000803741958,-0.10489658522176343,-0.10461392931814073,SSP1,Lower CI,South Africa,Non-Staples,South AfricaNon-Staples
967,19.459044,29.7515566,40.5882918,48.5003112,54.6326038,,,,-0.09005569385040069,-0.1061613761838025,-0.10035050955319846,-0.09600034269639934,-0.09705484688459975,SSP1,Median,South Africa,Non-Staples,South AfricaNon-Staples
968,19.459044,29.7515566,40.5882918,48.5003112,54.6326038,,,,-0.07191590215161343,-0.072792709080381,-0.09015328198724532,-0.085445394126105,-0.08710851330025612,SSP1,Upper CI,South Africa,Non-Staples,South AfricaNon-Staples
987,50.207570000000004,67.70330799999999,64.57504,65.60422,67.76984,,,,0.0043347874969737734,-0.023888371991593195,-0.005282786248132413,0.00069276055201237,0.0008313672989162895,SSP1,Lower CI,South Africa,Staples,South AfricaStaples
988,50.207570000000004,67.70330799999999,64.57504,65.60422,67.76984,,,,0.00769321969999992,0.0010145568440000918,0.0006797688260002932,0.0027007123359998886,0.002560895158000065,SSP1,Median,South Africa,Staples,South AfricaStaples
989,50.207570000000004,67.70330799999999,64.57504,65.60422,67.76984,,,,0.01305768244302635,0.009920655327593722,0.005262088484323264,0.00518413945636864,0.004509112436702692,SSP1,Upper CI,South Africa,Staples,South AfricaStaples
1008,15.3765688,21.2573278,30.9336576,31.5854494,34.8600502,,,,-0.02719304316312641,-0.49900341179451313,-0.07946642940918486,0.012096822701423295,0.0218179703943144,SSP1,Lower CI,Northern South America,Non-Staples,Northern South AmericaNon-Staples
1009,15.3765688,21.2573278,30.9336576,31.5854494,34.8600502,,,,-0.019044537680002804,-0.02885174088159914,0.005922574526401547,0.026793865613200296,0.0336537941527979,SSP1,Median,Northern South America,Non-Staples,Northern South AmericaNon-Staples
1010,15.3765688,21.2573278,30.9336576,31.5854494,34.8600502,,,,0.012633404710501304,0.14850426925364457,0.03458568679048285,0.04689378341907034,0.05053384274079235,SSP1,Upper CI,Northern South America,Non-Staples,Northern South AmericaNon-Staples
1029,19.7369426,26.168494000000003,31.038684,25.332192,26.476978000000003,,,,0.05576330385751008,-0.13968390670926267,-0.0228803726487097,0.041044805988109154,0.04062911152244121,SSP1,Lower CI,Northern South America,Staples,Northern South AmericaStaples
1030,19.7369426,26.168494000000003,31.038684,25.332192,26.476978000000003,,,,0.06509693067919953,0.045614773623800176,0.04096908675299993,0.04301395949120046,0.041671788764600315,SSP1,Median,Northern South America,Staples,Northern South AmericaStaples
1031,19.7369426,26.168494000000003,31.038684,25.332192,26.476978000000003,,,,0.073092886015067,0.08063000393641573,0.0501858679248618,0.04634065304055779,0.0445436204857112,SSP1,Upper CI,Northern South America,Staples,Northern South AmericaStaples
1050,36.135314,53.248447999999996,70.412676,83.777026,94.161412,,,,-0.07639279736868745,-0.07693295221496754,0.034379549018399125,0.050377255578273786,0.05103589188032378,SSP1,Lower CI,Southern South America,Non-Staples,Southern South AmericaNon-Staples
1051,36.135314,53.248447999999996,70.412676,83.777026,94.161412,,,,0.09862372315399881,0.05299187075998901,0.059231050944006824,0.06708681239799574,0.06753076018399895,SSP1,Median,Southern South America,Non-Staples,Southern South AmericaNon-Staples
1052,36.135314,53.248447999999996,70.412676,83.777026,94.161412,,,,0.17672970455134654,0.15751796110036137,0.07701364468446623,0.08761955452096075,0.0840615070909129,SSP1,Upper CI,Southern South America,Non-Staples,Southern South AmericaNon-Staples
1071,52.579884,71.978984,74.46088,81.83368,83.58216,,,,0.010852055119383197,0.029361323327313553,0.04177654394094303,0.044054321981348954,0.04231432032815875,SSP1,Lower CI,Southern South America,Staples,Southern South AmericaStaples
1072,52.579884,71.978984,74.46088,81.83368,83.58216,,,,0.06340630342800013,0.050676065784000635,0.04607448357600008,0.0465960563259995,0.04430944013200033,SSP1,Median,Southern South America,Staples,Southern South AmericaStaples
1073,52.579884,71.978984,74.46088,81.83368,83.58216,,,,0.08830431962772757,0.06574125093809904,0.05072005796401005,0.049318459993507285,0.046505258345556355,SSP1,Upper CI,Southern South America,Staples,Southern South AmericaStaples
1092,37.829444,62.0987494,85.4033992,111.5108296,140.3029128,,,,-0.23055341082048644,-0.7848645942834943,-0.41614788141872827,-0.3735804558594973,-0.38546153249683557,SSP1,Lower CI,South Asia,Non-Staples,South AsiaNon-Staples
1093,37.829444,62.0987494,85.4033992,111.5108296,140.3029128,,,,-0.1774125955900061,-0.31637178658000664,-0.324557668340006,-0.3276913283360017,-0.345390609992009,SSP1,Median,South Asia,Non-Staples,South AsiaNon-Staples
1094,37.829444,62.0987494,85.4033992,111.5108296,140.3029128,,,,-0.10882502769862054,-0.04921662912876257,-0.2751868643026113,-0.26190797015707834,-0.29464069843593865,SSP1,Upper CI,South Asia,Non-Staples,South AsiaNon-Staples
1113,216.2468,316.75508,318.95908,327.62361999999996,337.51905999999997,,,,0.16272231271025653,0.032565488737988015,0.02825383511001482,0.02342245735970029,0.015039147806705018,SSP1,Lower CI,South Asia,Staples,South AsiaStaples
1114,216.2468,316.75508,318.95908,327.62361999999996,337.51905999999997,,,,0.18618982476000134,0.0850341719800003,0.03857090508799921,0.028804584803998168,0.020181352096001248,SSP1,Median,South Asia,Staples,South AsiaStaples
1115,216.2468,316.75508,318.95908,327.62361999999996,337.51905999999997,,,,0.20799191499374423,0.12121435234248065,0.054372838642748236,0.04045681423001206,0.029636282527393802,SSP1,Upper CI,South Asia,Staples,South AsiaStaples
1134,26.6384234,38.9556522,50.839555399999995,62.933056,67.946097,,,,-0.2956454964598239,-0.6679179106059233,-0.337215229384527,-0.18977748350233797,-0.1805328805194552,SSP1,Lower CI,South Korea,Non-Staples,South KoreaNon-Staples
1135,26.6384234,38.9556522,50.839555399999995,62.933056,67.946097,,,,-0.19933102974998462,-0.15995489033480226,-0.17544029637239333,-0.15111703891780337,-0.14900847974440268,SSP1,Median,South Korea,Non-Staples,South KoreaNon-Staples
1136,26.6384234,38.9556522,50.839555399999995,62.933056,67.946097,,,,-0.08866528000314076,0.023826085122421015,-0.11689704164051755,-0.11853027968812258,-0.0870770518052329,SSP1,Upper CI,South Korea,Non-Staples,South KoreaNon-Staples
1155,58.579968,54.09835,55.262904,50.546132,50.817043999999996,,,,0.27408954710198985,0.05026079377701004,0.1774522492776905,0.18279810751050732,0.18107892651571178,SSP1,Lower CI,South Korea,Staples,South KoreaStaples
1156,58.579968,54.09835,55.262904,50.546132,50.817043999999996,,,,0.3142114528000004,0.22155958199800008,0.20002207052800003,0.19682162218399935,0.18827714635600046,SSP1,Median,South Korea,Staples,South KoreaStaples
1157,58.579968,54.09835,55.262904,50.546132,50.817043999999996,,,,0.32528409255489976,0.3213477476982365,0.2284044968670726,0.2291572000885396,0.20556564214371764,SSP1,Upper CI,South Korea,Staples,South KoreaStaples
1176,122.9917,204.52708,283.029496,340.80537000000004,392.757948,,,,0.24453266255182216,-0.3648466243046387,0.0495704658862306,0.10137632732101694,0.11856136375106235,SSP1,Lower CI,Southeast Asia,Non-Staples,Southeast AsiaNon-Staples
1177,122.9917,204.52708,283.029496,340.80537000000004,392.757948,,,,0.3737801804940091,0.07592395116799366,0.18635108203798723,0.18651786777800794,0.20075053091201767,SSP1,Median,Southeast Asia,Non-Staples,Southeast AsiaNon-Staples
1178,122.9917,204.52708,283.029496,340.80537000000004,392.757948,,,,0.5782979561228768,0.6206073157519474,0.2726600945242346,0.3067343775300201,0.29554363766742825,SSP1,Upper CI,Southeast Asia,Non-Staples,Southeast AsiaNon-Staples
1197,304.99036,431.53355999999997,437.29644,450.59202000000005,459.80378,,,,0.9075207202304411,0.695323347453745,0.7023811646171837,0.6846792218312379,0.65507313821346,SSP1,Lower CI,Southeast Asia,Staples,Southeast AsiaStaples
1198,304.99036,431.53355999999997,437.29644,450.59202000000005,459.80378,,,,0.9951753844400013,0.8015756881860021,0.7378996054119984,0.7032280536960034,0.6695455086679978,SSP1,Median,Southeast Asia,Staples,Southeast AsiaStaples
1199,304.99036,431.53355999999997,437.29644,450.59202000000005,459.80378,,,,1.01834205442023,0.9022375736728463,0.7661883240611015,0.7287947896053395,0.6910045857053935,SSP1,Upper CI,Southeast Asia,Staples,Southeast AsiaStaples
1218,24.0853766,27.7897436,30.8527934,32.4604038,34.0110672,,,,0.001886303813262151,-0.05168760517232391,-0.00606629297206425,-0.00010501849782057308,0.0015976725124945707,SSP1,Lower CI,Taiwan,Non-Staples,TaiwanNon-Staples
1219,24.0853766,27.7897436,30.8527934,32.4604038,34.0110672,,,,0.007644937215399494,0.0029052673343983315,0.004662793881401228,0.005697244912001409,0.005455527499400148,SSP1,Median,Taiwan,Non-Staples,TaiwanNon-Staples
1220,24.0853766,27.7897436,30.8527934,32.4604038,34.0110672,,,,0.020537705465982777,0.03572399414862449,0.008111622775094576,0.01251313155239331,0.011558852581045094,SSP1,Upper CI,Taiwan,Non-Staples,TaiwanNon-Staples
1239,16.447788,17.96665,17.212722,17.03608,16.907906,,,,0.2626832636992813,0.22343585426342077,0.23395684954179446,0.24285860249403762,0.24225778425939887,SSP1,Lower CI,Taiwan,Staples,TaiwanStaples
1240,16.447788,17.96665,17.212722,17.03608,16.907906,,,,0.2684609499395999,0.25083416854020024,0.24489708907520003,0.2446912732219999,0.243717861624,SSP1,Median,Taiwan,Staples,TaiwanStaples
1241,16.447788,17.96665,17.212722,17.03608,16.907906,,,,0.273356818070274,0.2708744727811677,0.25240620925586266,0.2474690525167051,0.24591838424479168,SSP1,Upper CI,Taiwan,Staples,TaiwanStaples
1260,37.7524598,44.9868794,51.882258,58.803554,63.2818236,,,,-0.012720930893788202,-0.027105164944272158,0.006289321956849368,0.01982322960729603,0.02796629900713423,SSP1,Lower CI,Argentina,Non-Staples,ArgentinaNon-Staples
1261,37.7524598,44.9868794,51.882258,58.803554,63.2818236,,,,0.032311971997597055,-0.004204519451999289,0.021608607446999883,0.03692271301040506,0.042487348573999384,SSP1,Median,Argentina,Non-Staples,ArgentinaNon-Staples
1262,37.7524598,44.9868794,51.882258,58.803554,63.2818236,,,,0.048292534434764924,0.08877844391333106,0.037969219699110004,0.05055720693490151,0.05295951073383768,SSP1,Upper CI,Argentina,Non-Staples,ArgentinaNon-Staples
1281,31.9329302,33.117304000000004,41.92451,39.085906,39.8131,,,,0.007165105893916702,-0.003524120824243816,-0.0010898327066115633,0.001001986212253476,0.0012451562241880502,SSP1,Lower CI,Argentina,Staples,ArgentinaStaples
1282,31.9329302,33.117304000000004,41.92451,39.085906,39.8131,,,,0.010147383219999861,0.0019391939540001069,0.0014040456380002286,0.0025498816340001618,0.0022508402439997965,SSP1,Median,Argentina,Staples,ArgentinaStaples
1283,31.9329302,33.117304000000004,41.92451,39.085906,39.8131,,,,0.014597675066527496,0.01481599158730259,0.004375838973087849,0.004056013236317914,0.0033180916005734135,SSP1,Upper CI,Argentina,Staples,ArgentinaStaples
1302,22.4245872,35.6244596,47.8329418,62.7620376,69.4450822,,,,0.04418908546167078,-0.03962530507489434,0.028049084408378458,0.04646486424654879,0.0483868979371794,SSP1,Lower CI,Colombia,Non-Staples,ColombiaNon-Staples
1303,22.4245872,35.6244596,47.8329418,62.7620376,69.4450822,,,,0.049441054725601674,0.035485561248002284,0.047039091803402044,0.05312343425320165,0.05417668400519915,SSP1,Median,Colombia,Non-Staples,ColombiaNon-Staples
1304,22.4245872,35.6244596,47.8329418,62.7620376,69.4450822,,,,0.062070053141044156,0.08226521415313484,0.0520280791950712,0.06210380321889912,0.06288138284396323,SSP1,Upper CI,Colombia,Non-Staples,ColombiaNon-Staples
1323,26.04717,35.346092,33.673326,36.53284,37.762299999999996,,,,0.01277458581589948,-0.01545844347348825,0.0009043151580480292,0.004386941438360297,0.004531063742599193,SSP1,Lower CI,Colombia,Staples,ColombiaStaples
1324,26.04717,35.346092,33.673326,36.53284,37.762299999999996,,,,0.01728155265400022,0.006827389461999678,0.004427504456000042,0.0056211692040000205,0.00553283393400017,SSP1,Median,Colombia,Staples,ColombiaStaples
1325,26.04717,35.346092,33.673326,36.53284,37.762299999999996,,,,0.01947879658187837,0.01748411118360544,0.006112411886904326,0.007360138129258657,0.006630585045591469,SSP1,Upper CI,Colombia,Staples,ColombiaStaples
1344,3449.0991142,5003.1104284,6122.777318,7071.0951438,8036.3760969252,,-2736.842967334294,-2899.809096648316,-2425.7553294200998,-1166.220308424141,-10.388153847880062,-9.728268569219608,-10.183935580694607,SSP1,Lower CI,Global,Non-Staples,GlobalNon-Staples
1345,3449.0991142,5003.1104284,6122.777318,7071.0951438,8036.3760969252,-2541.8807866661436,-2736.8429673342944,-2899.8090966483164,-3022.9403470524276,-8.834693566498117,-7.79487440247749,-8.34540916517517,-8.719911007442533,SSP1,Median,Global,Non-Staples,GlobalNon-Staples
1346,3449.0991142,5003.1104284,6122.777318,7071.0951438,8036.3760969252,,-2736.842967334293,-2899.809096648316,-1031.5793694672216,-32.792672376162955,-5.762734074444925,-5.468608984340628,-6.64658451747192,SSP1,Upper CI,Global,Non-Staples,GlobalNon-Staples
1365,6264.0464512,7514.7490326,7717.3096956,8056.6670732,8236.058435,-336.13433710774166,-334.07803218875483,-333.02246991217214,-263.0147372327791,-116.43995728360801,7.612970924423875,8.775456480761617,8.530834521866815,SSP1,Lower CI,Global,Staples,GlobalStaples
1366,6264.0464512,7514.7490326,7717.3096956,8056.6670732,8236.058435,-336.1343371077416,-334.0780321887548,-333.0224699121722,-330.9874011355652,10.070076465779778,9.738277353377555,9.256591220190671,8.752777368862496,SSP1,Median,Global,Staples,GlobalStaples
1367,6264.0464512,7514.7490326,7717.3096956,8056.6670732,8236.058435,-336.13433710774166,-334.07803218875483,-333.022469912172,-104.32554955671063,6.966105576176574,10.841715087656484,9.757025228961977,9.157167148122326,SSP1,Upper CI,Global,Staples,GlobalStaples
