,1990,2005,2010,2015,2020,2025,2030,2035,2040,2045,2050,2055,2060,SSP,Version,GCAM,input,cat
0,393.595412,497.8182174,486.68747,492.910774,525.3398099999999,,,,-0.31310808722097716,-1.0192443432877163,-0.32731018914290855,-0.2546629585433209,-0.2586655068994367,SSP1,Lower CI,USA,Non-Staples,USANon-Staples
1,393.595412,497.8182174,486.68747,492.910774,525.3398099999999,,,,-0.12550656397800708,-0.3165545613959466,-0.1705292266420031,-0.135151070387991,-0.1521351871499803,SSP1,Median,USA,Non-Staples,USANon-Staples
2,393.595412,497.8182174,486.68747,492.910774,525.3398099999999,,,,0.3734619823117964,0.4781151605128407,-0.0280524605154025,0.015054195904160655,-0.03054659480163066,SSP1,Upper CI,USA,Non-Staples,USANon-Staples
21,222.6528,267.41264,253.14864,249.95206,259.27668,,,,0.002147033739757234,-0.029727924665126075,-0.003176831566657455,0.010237266388424912,0.011441714941026812,SSP1,Lower CI,USA,Staples,USAStaples
22,222.6528,267.41264,253.14864,249.95206,259.27668,,,,0.03873688117999752,0.011216376180000154,0.01424857496000076,0.02323974660000072,0.02034913837999941,SSP1,Median,USA,Staples,USAStaples
23,222.6528,267.41264,253.14864,249.95206,259.27668,,,,0.09849727446595447,0.10273732192379251,0.03656303846771108,0.03407864558420785,0.02856567957265646,SSP1,Upper CI,USA,Staples,USAStaples
42,68.399932,115.81066799999999,151.140532,163.566426,199.655226,,,,-0.2922207714049021,-0.9789542508722299,-0.5969625952204463,-0.6595880860903875,-0.8046444309278059,SSP1,Lower CI,Eastern Africa,Non-Staples,Eastern AfricaNon-Staples
43,68.399932,115.81066799999999,151.140532,163.566426,199.655226,,,,-0.1486114726799883,-0.3901327516740025,-0.44985862455600056,-0.5514506459599886,-0.6626009588700157,SSP1,Median,Eastern Africa,Non-Staples,Eastern AfricaNon-Staples
44,68.399932,115.81066799999999,151.140532,163.566426,199.655226,,,,0.005655532799787283,0.0028380622511536835,-0.3135574823235717,-0.3741885882203284,-0.47449284019013593,SSP1,Upper CI,Eastern Africa,Non-Staples,Eastern AfricaNon-Staples
63,134.5848,211.7554,247.8582,298.02459999999996,323.6172,,,,0.18922195606250508,0.03995466679100507,0.07211539198348961,0.08812900285423839,0.08905032700391081,SSP1,Lower CI,Eastern Africa,Staples,Eastern AfricaStaples
64,134.5848,211.7554,247.8582,298.02459999999996,323.6172,,,,0.21284943214000052,0.12498819908000058,0.08938154330000003,0.09918278516000001,0.0951367395400009,SSP1,Median,Eastern Africa,Staples,Eastern AfricaStaples
65,134.5848,211.7554,247.8582,298.02459999999996,323.6172,,,,0.2393315845089234,0.18887122944099213,0.11673988311335602,0.1129969201394444,0.1069272345687221,SSP1,Upper CI,Eastern Africa,Staples,Eastern AfricaStaples
84,61.3526848,102.5545752,133.4121022,161.484488,187.31054424,,,,-0.04153022402361067,-0.7954703729777755,-0.19865668429802041,-0.15370335077720004,-0.17347248168330254,SSP1,Lower CI,Northern Africa,Non-Staples,Northern AfricaNon-Staples
85,61.3526848,102.5545752,133.4121022,161.484488,187.31054424,,,,0.06923438385577185,-0.1231033932456711,-0.11454230505864871,-0.09545555631927982,-0.12515646402454195,SSP1,Median,Northern Africa,Non-Staples,Northern AfricaNon-Staples
86,61.3526848,102.5545752,133.4121022,161.484488,187.31054424,,,,0.1779293578727637,0.28365966316224617,-0.02875320734510778,-0.018737453026134207,-0.06322077313623589,SSP1,Upper CI,Northern Africa,Non-Staples,Northern AfricaNon-Staples
105,196.17172,257.85462,265.95816,277.69158,289.08008,,,,0.11928799602434205,-0.08485053919066521,0.06417113390330298,0.08465456229264494,0.07873300712850516,SSP1,Lower CI,Northern Africa,Staples,Northern AfricaStaples
106,196.17172,257.85462,265.95816,277.69158,289.08008,,,,0.14697414460000147,0.09459375135599934,0.09122126246399986,0.09883629698000185,0.0879894053919994,SSP1,Median,Northern Africa,Staples,Northern AfricaStaples
107,196.17172,257.85462,265.95816,277.69158,289.08008,,,,0.19758933576708798,0.20791470809893048,0.12334211158406536,0.11386008894820081,0.09853981207570663,SSP1,Upper CI,Northern Africa,Staples,Northern AfricaStaples
126,26.7609422,46.848942,69.58591200000001,94.001554,115.81227200000001,,,,-0.1353242965862831,-0.23503656130222222,-0.26635767511963315,-0.2517358814818266,-0.27210295264214684,SSP1,Lower CI,Southern Africa,Non-Staples,Southern AfricaNon-Staples
127,26.7609422,46.848942,69.58591200000001,94.001554,115.81227200000001,,,,-0.07361442490999792,-0.133941051791993,-0.17653004983998954,-0.2040421605200038,-0.2228186109939969,SSP1,Median,Southern Africa,Non-Staples,Southern AfricaNon-Staples
128,26.7609422,46.848942,69.58591200000001,94.001554,115.81227200000001,,,,0.011411935579414063,-0.01413578510843197,-0.1275086952618244,-0.14517575305965597,-0.16708949396352304,SSP1,Upper CI,Southern Africa,Non-Staples,Southern AfricaNon-Staples
147,90.04428,132.95054,151.85102,166.79462,179.3016,,,,0.027732156570477458,-0.006064821202829546,-0.02653793537603299,-0.002313209449341563,0.0034815404075294355,SSP1,Lower CI,Southern Africa,Staples,Southern AfricaStaples
148,90.04428,132.95054,151.85102,166.79462,179.3016,,,,0.04006063452400177,0.008967503070000049,0.0024342384480018353,0.00595106058799999,0.006721444374001351,SSP1,Median,Southern Africa,Staples,Southern AfricaStaples
149,90.04428,132.95054,151.85102,166.79462,179.3016,,,,0.05264790544381074,0.04290643096602885,0.02108997147687609,0.01226572522197215,0.012047363191208525,SSP1,Upper CI,Southern Africa,Staples,Southern AfricaStaples
168,93.55788,162.34953,226.33704,280.17826,346.76864,,,,-0.6168527308981084,-5.286098330323815,-0.8503055849436779,-0.852169405563368,-0.9984375501561948,SSP1,Lower CI,Western Africa,Non-Staples,Western AfricaNon-Staples
169,93.55788,162.34953,226.33704,280.17826,346.76864,,,,-0.3196708969600195,-0.5104638096199778,-0.5987378798799909,-0.7051060474000508,-0.8329443428799834,SSP1,Median,Western Africa,Non-Staples,Western AfricaNon-Staples
170,93.55788,162.34953,226.33704,280.17826,346.76864,,,,-0.002419508016168803,1.0235717171451495,-0.4313750185110504,-0.2860630707630057,-0.5667209845195726,SSP1,Upper CI,Western Africa,Non-Staples,Western AfricaNon-Staples
189,271.37935999999996,422.9282,507.07759999999996,588.3718,638.9058,,,,0.09733029221447986,-1.3261149725936878,-0.09426211101704121,0.008482064930826046,0.015521743469181962,SSP1,Lower CI,Western Africa,Staples,Western AfricaStaples
190,271.37935999999996,422.9282,507.07759999999996,588.3718,638.9058,,,,0.14783580036000643,0.028531785419993128,0.01917665671999913,0.034590926639999964,0.03656768120000464,SSP1,Median,Western Africa,Staples,Western AfricaStaples
191,271.37935999999996,422.9282,507.07759999999996,588.3718,638.9058,,,,0.18741708208838942,0.4616595971056899,0.09992619953913698,0.12471644657864617,0.09109971085292588,SSP1,Upper CI,Western Africa,Staples,Western AfricaStaples
210,27.311495999999998,31.954646,39.896912,45.217942,49.512072,,,,-0.03750823043423698,-0.09058980011479173,-0.06387699975232672,-0.05080721525983854,-0.055612643342095064,SSP1,Lower CI,Australia and New Zealand,Non-Staples,Australia and New ZealandNon-Staples
211,27.311495999999998,31.954646,39.896912,45.217942,49.512072,,,,-0.0192156802700012,-0.03773263307399688,-0.038433865662000244,-0.03867253254200165,-0.04382509820799996,SSP1,Median,Australia and New Zealand,Non-Staples,Australia and New ZealandNon-Staples
212,27.311495999999998,31.954646,39.896912,45.217942,49.512072,,,,0.005165427378808731,0.009909057246000878,-0.029054751273359363,-0.02619534150795548,-0.03221266673453496,SSP1,Upper CI,Australia and New Zealand,Non-Staples,Australia and New ZealandNon-Staples
231,13.526174,17.579998000000003,17.648928,20.257906,21.667226,,,,-0.0007552967246478174,-0.0051129283796376036,-0.005231756712136609,-0.001186234115684419,-0.000996270743895985,SSP1,Lower CI,Australia and New Zealand,Staples,Australia and New ZealandStaples
232,13.526174,17.579998000000003,17.648928,20.257906,21.667226,,,,0.004596200908200121,-0.0011259208293999956,-0.0010176908865999756,0.0001673756118000247,-7.283304759986287e-05,SSP1,Median,Australia and New Zealand,Staples,Australia and New ZealandStaples
233,13.526174,17.579998000000003,17.648928,20.257906,21.667226,,,,0.008756273500247973,0.008929536886437587,0.0020854659427261774,0.0013463682542951376,0.0010027908262119792,SSP1,Upper CI,Australia and New Zealand,Staples,Australia and New ZealandStaples
252,131.157228,210.196242,262.178318,303.763106,331.70480399999997,,,,-0.2710396024989636,-0.3543728531929725,-0.2850978449648045,-0.26624984631537213,-0.2668334751066765,SSP1,Lower CI,Brazil,Non-Staples,BrazilNon-Staples
253,131.157228,210.196242,262.178318,303.763106,331.70480399999997,,,,-0.18478297214799966,-0.20882308026200036,-0.21737173866199555,-0.23099093245600244,-0.22481784014400574,SSP1,Median,Brazil,Non-Staples,BrazilNon-Staples
254,131.157228,210.196242,262.178318,303.763106,331.70480399999997,,,,-0.07661294129876206,-0.0495301031366282,-0.17481256759918767,-0.1572296109896832,-0.16855355333985603,SSP1,Upper CI,Brazil,Non-Staples,BrazilNon-Staples
273,137.025152,179.39366,175.61504,171.58442,174.25060000000002,,,,0.03998861245061806,0.027881255126893826,0.03931239217556645,0.04195914977709142,0.03967425982952192,SSP1,Lower CI,Brazil,Staples,BrazilStaples
274,137.025152,179.39366,175.61504,171.58442,174.25060000000002,,,,0.0584025739039995,0.04849722079800012,0.04492602341200014,0.04533788378399972,0.042454037041999904,SSP1,Median,Brazil,Staples,BrazilStaples
275,137.025152,179.39366,175.61504,171.58442,174.25060000000002,,,,0.07373387976995276,0.06641637290990612,0.049288442411380556,0.04873813314606609,0.04519692735068862,SSP1,Upper CI,Brazil,Staples,BrazilStaples
294,41.221137,50.167593399999994,49.626433,53.533206,57.44877654,,,,-0.080805342582662,-0.17644412328830328,-0.08269515683253928,-0.0733309000695786,-0.07548053345729944,SSP1,Lower CI,Canada,Non-Staples,CanadaNon-Staples
295,41.221137,50.167593399999994,49.626433,53.533206,57.44877654,,,,-0.05378994575911733,-0.06016395391850082,-0.06195536986067651,-0.06012162490535644,-0.06432050212663754,SSP1,Median,Canada,Non-Staples,CanadaNon-Staples
296,41.221137,50.167593399999994,49.626433,53.533206,57.44877654,,,,-0.00823974919504493,0.021249258589632627,-0.04821953370895408,-0.04570324777144105,-0.05134536738801909,SSP1,Upper CI,Canada,Non-Staples,CanadaNon-Staples
315,20.351208,30.936848,30.627222,28.473959999999998,29.9752,,,,0.0046536552886541375,-0.00952033694669865,-0.0012444825542680337,0.0022719456179177222,0.0026724706861627387,SSP1,Lower CI,Canada,Staples,CanadaStaples
316,20.351208,30.936848,30.627222,28.473959999999998,29.9752,,,,0.012003865404000003,0.0038918370000000646,0.0021366900320001214,0.003837871941999804,0.0037014618560000656,SSP1,Median,Canada,Staples,CanadaStaples
317,20.351208,30.936848,30.627222,28.473959999999998,29.9752,,,,0.01751144263477449,0.01754358469069894,0.005915279046689172,0.00554969043134517,0.004990410662889971,SSP1,Upper CI,Canada,Staples,CanadaStaples
336,35.2653828,55.5889362,73.844025,87.9514174,97.226772,,,,-0.04114255708202224,-0.39580164192111444,-0.1332543626576801,-0.05667992610790827,-0.06097210345393024,SSP1,Lower CI,Central America and Caribbean,Non-Staples,Central America and CaribbeanNon-Staples
337,35.2653828,55.5889362,73.844025,87.9514174,97.226772,,,,-0.01229472079959848,-0.0525878769737993,-0.042852562502400104,-0.04318491164439919,-0.04596297857699838,SSP1,Median,Central America and Caribbean,Non-Staples,Central America and CaribbeanNon-Staples
338,35.2653828,55.5889362,73.844025,87.9514174,97.226772,,,,0.027588304847968724,0.08160839619986207,-0.0054984765208704045,-0.016119436894641404,-0.02262936057185981,SSP1,Upper CI,Central America and Caribbean,Non-Staples,Central America and CaribbeanNon-Staples
357,49.884164,61.431742,70.09242,76.2433,77.83632,,,,0.050427821040801665,-0.2315431323180654,-0.07217454401592618,0.035649557910362804,0.035187043414222366,SSP1,Lower CI,Central America and Caribbean,Staples,Central America and CaribbeanStaples
358,49.884164,61.431742,70.09242,76.2433,77.83632,,,,0.06457293587000024,0.04080955205400061,0.03974402731999982,0.03985559585399967,0.03724979021800001,SSP1,Median,Central America and Caribbean,Staples,Central America and CaribbeanStaples
359,49.884164,61.431742,70.09242,76.2433,77.83632,,,,0.06900347432605604,0.12922294440179932,0.07722940850076868,0.04309866652605807,0.04335240129377764,SSP1,Upper CI,Central America and Caribbean,Staples,Central America and CaribbeanStaples
378,49.01606,49.9461292,69.7758118,92.063128,104.523508,,,,-0.1728401535422302,-0.7275217876558636,-0.3774337780875307,-0.25200487755171275,-0.24995384670341433,SSP1,Lower CI,Central Asia,Non-Staples,Central AsiaNon-Staples
379,49.01606,49.9461292,69.7758118,92.063128,104.523508,,,,-0.14737742568500067,-0.22191255649840258,-0.23332108190459167,-0.23114108170840098,-0.23439428237360005,SSP1,Median,Central Asia,Non-Staples,Central AsiaNon-Staples
380,49.01606,49.9461292,69.7758118,92.063128,104.523508,,,,-0.10766006072800127,-0.10739709381667728,-0.2034092084059615,-0.21156363850332036,-0.2150855135388581,SSP1,Upper CI,Central Asia,Non-Staples,Central AsiaNon-Staples
399,95.68104,99.35616,97.6679,96.86576000000001,97.79574,,,,0.005029048974386685,-0.18186009226347444,-0.05429525755018956,-0.007135257368760129,-0.005172573365338224,SSP1,Lower CI,Central Asia,Staples,Central AsiaStaples
400,95.68104,99.35616,97.6679,96.86576000000001,97.79574,,,,0.015968756089999925,-0.00779013373199966,-0.004758711777999913,-0.0029205468199999807,-0.003280854962000035,SSP1,Median,Central Asia,Staples,Central AsiaStaples
401,95.68104,99.35616,97.6679,96.86576000000001,97.79574,,,,0.02310078076732748,0.0495990867405412,0.00809479483692667,0.0017684767693920563,0.0017034598666012275,SSP1,Upper CI,Central Asia,Staples,Central AsiaStaples
420,479.929748,1076.3062340000001,1336.86044,1541.1608999999999,1775.15786,,,,-1.3941373305415767,-2.958872367441598,-0.9587668033033695,-1.039583967064982,-0.9084423484959094,SSP1,Lower CI,China,Non-Staples,ChinaNon-Staples
421,479.929748,1076.3062340000001,1336.86044,1541.1608999999999,1775.15786,,,,-0.5490138621000824,-0.9705235658200309,-0.48549668923976697,-0.4004034097198428,-0.41620897840005,SSP1,Median,China,Non-Staples,ChinaNon-Staples
422,479.929748,1076.3062340000001,1336.86044,1541.1608999999999,1775.15786,,,,1.3885964018385943,2.254691274089635,0.49624444373106147,0.25838611819782326,0.09577421513588091,SSP1,Upper CI,China,Non-Staples,ChinaNon-Staples
441,1567.4292,1657.6644000000001,1692.5233999999998,1773.4756,1748.525,,,,1.6818772144042105,1.6226901051404332,1.7723392764576704,1.5426023320498428,1.4017814617354138,SSP1,Lower CI,China,Staples,ChinaStaples
442,1567.4292,1657.6644000000001,1692.5233999999998,1773.4756,1748.525,,,,1.8710723242,2.146317406860007,1.8912762877199896,1.6641315956400007,1.4995193431799976,SSP1,Median,China,Staples,ChinaStaples
443,1567.4292,1657.6644000000001,1692.5233999999998,1773.4756,1748.525,,,,2.283013082441499,2.647774068976911,2.171073390582319,1.8206269227564906,1.588566033864588,SSP1,Upper CI,China,Staples,ChinaStaples
462,128.293558,126.21683,126.2418596,126.2764292,132.044345086,,,,-0.14123021337365188,-0.18622470397559432,-0.10618978912736612,-0.09209519414548699,-0.09052871330719876,SSP1,Lower CI,Northeastern EU,Non-Staples,Northeastern EUNon-Staples
463,128.293558,126.21683,126.2418596,126.2764292,132.044345086,,,,-0.054202570056290256,-0.06532841608981599,-0.0820736717239221,-0.0736338600884352,-0.0756312753705437,SSP1,Median,Northeastern EU,Non-Staples,Northeastern EUNon-Staples
464,128.293558,126.21683,126.2418596,126.2764292,132.044345086,,,,0.02974945595425966,0.04172331727930716,-0.05287460635437732,-0.05077633343155742,-0.05882763200817333,SSP1,Upper CI,Northeastern EU,Non-Staples,Northeastern EUNon-Staples
483,121.62328,113.28778,107.12695599999999,101.244302,100.21124,,,,-0.02427499175721017,-0.027433575181689592,-0.01594697835495002,-0.010506862823356104,-0.008175068385451767,SSP1,Lower CI,Northeastern EU,Staples,Northeastern EUStaples
484,121.62328,113.28778,107.12695599999999,101.244302,100.21124,,,,0.0017193470239997843,-0.010111138265200381,-0.011723599749599689,-0.005583771401600046,-0.005408796001800553,SSP1,Median,Northeastern EU,Staples,Northeastern EUStaples
485,121.62328,113.28778,107.12695599999999,101.244302,100.21124,,,,0.02649057517372427,0.03090026613078208,-0.0006666053787548259,-0.0018017591018437825,-0.003123808011264865,SSP1,Upper CI,Northeastern EU,Staples,Northeastern EUStaples
504,523.242858,581.44601,605.896086,608.646446,630.678656,,,,-0.5239689885232968,-1.0417055475254173,-0.5635776316775509,-0.4473803005281226,-0.422351628149868,SSP1,Lower CI,Western EU,Non-Staples,Western EUNon-Staples
505,523.242858,581.44601,605.896086,608.646446,630.678656,,,,-0.2795464192919894,-0.44692177877999484,-0.36183799220404467,-0.2855475266520102,-0.31720857605000674,SSP1,Median,Western EU,Non-Staples,Western EUNon-Staples
506,523.242858,581.44601,605.896086,608.646446,630.678656,,,,0.28388242680672227,0.5529934793253976,-0.16048469566208332,-0.13880936648028133,-0.20250030505835165,SSP1,Upper CI,Western EU,Non-Staples,Western EUNon-Staples
525,304.61154,338.99271999999996,337.91483999999997,344.45025999999996,350.20748000000003,,,,-0.04721701670926578,-0.12372362324264759,-0.05838906133594106,-0.025800700456824602,-0.01470534735540815,SSP1,Lower CI,Western EU,Staples,Western EUStaples
526,304.61154,338.99271999999996,337.91483999999997,344.45025999999996,350.20748000000003,,,,0.027612657057998646,-0.007518015708001258,-0.014041508604000441,0.0037457539779985893,0.0005277964339995833,SSP1,Median,Western EU,Staples,Western EUStaples
527,304.61154,338.99271999999996,337.91483999999997,344.45025999999996,350.20748000000003,,,,0.1360250697326924,0.2107269249434467,0.03834370501067823,0.029165987502505243,0.0162099675724615,SSP1,Upper CI,Western EU,Staples,Western EUStaples
546,71.834703,56.917258000000004,63.357045400000004,62.1816818,65.74335614,,,,-0.06446571217437011,-0.07617236945658305,-0.05142655100412527,-0.04458379614474747,-0.043503215116331415,SSP1,Lower CI,Eastern Europe,Non-Staples,Eastern EuropeNon-Staples
547,71.834703,56.917258000000004,63.357045400000004,62.1816818,65.74335614,,,,-0.025004751560182115,-0.03185475897998202,-0.03952163799108099,-0.03405601424799798,-0.035573834611620114,SSP1,Median,Eastern Europe,Non-Staples,Eastern EuropeNon-Staples
548,71.834703,56.917258000000004,63.357045400000004,62.1816818,65.74335614,,,,0.0094480045740736,0.00941909967033941,-0.027219991951487027,-0.024295887114979084,-0.02668399058720991,SSP1,Upper CI,Eastern Europe,Non-Staples,Eastern EuropeNon-Staples
567,78.249844,88.412586,63.079912,62.24624,59.421416,,,,-0.001327830296830115,-0.006285096726517202,-0.0043311104280381275,-0.002575718983913875,-0.0021873883724701265,SSP1,Lower CI,Eastern Europe,Staples,Eastern EuropeStaples
568,78.249844,88.412586,63.079912,62.24624,59.421416,,,,0.002015641774799737,-0.001144404734999993,-0.002556648163200115,-0.0015069204357999189,-0.0014744373586000892,SSP1,Median,Eastern Europe,Staples,Eastern EuropeStaples
569,78.249844,88.412586,63.079912,62.24624,59.421416,,,,0.008639566819744206,0.008370402381557188,2.3378153553882397e-05,-0.000229339880275442,-0.0006247712387721215,SSP1,Upper CI,Eastern Europe,Staples,Eastern EuropeStaples
588,71.362972,88.713956,110.794108,131.105498,142.340138,,,,-0.32072545144987435,-0.6976372209080522,-0.4047751408453876,-0.3971825507461201,-0.4173832638751148,SSP1,Lower CI,Other Europe,Non-Staples,Other EuropeNon-Staples
589,71.362972,88.713956,110.794108,131.105498,142.340138,,,,-0.1871390681900067,-0.3192704941080038,-0.3531504984040126,-0.35907154750799464,-0.38704711585999974,SSP1,Median,Other Europe,Non-Staples,Other EuropeNon-Staples
590,71.362972,88.713956,110.794108,131.105498,142.340138,,,,-0.04874766716441209,-0.07281376079515678,-0.2901587161144185,-0.2932279192814635,-0.34412704233583413,SSP1,Upper CI,Other Europe,Non-Staples,Other EuropeNon-Staples
609,126.782716,129.617772,120.73096,118.47428000000001,121.16598,,,,-0.005676903487187364,-0.04422236195346829,-0.010919554488582185,-0.000845863898305617,-0.0003307191818699099,SSP1,Lower CI,Other Europe,Staples,Other EuropeStaples
610,126.782716,129.617772,120.73096,118.47428000000001,121.16598,,,,0.02893335901000027,0.005851657360000484,0.001243558221999841,0.007752875841999796,0.004370358795999785,SSP1,Median,Other Europe,Staples,Other EuropeStaples
611,126.782716,129.617772,120.73096,118.47428000000001,121.16598,,,,0.0713091347626158,0.061538485400401605,0.021067404306476974,0.015029374846726978,0.008487648013027564,SSP1,Upper CI,Other Europe,Staples,Other EuropeStaples
630,18.5377608,20.347603200000002,21.3700682,21.4275528,22.6565089492,,,,-0.014357584521715755,-0.06292376206658172,-0.01230060084590018,-0.008702598258487378,-0.007987254809133992,SSP1,Lower CI,European Free Trade Association,Non-Staples,European Free Trade AssociationNon-Staples
631,18.5377608,20.347603200000002,21.3700682,21.4275528,22.6565089492,,,,-0.0072922449707739645,-0.006455118169421681,-0.005094183843029398,-0.0036477311845821703,-0.003472406080332391,SSP1,Median,European Free Trade Association,Non-Staples,European Free Trade AssociationNon-Staples
632,18.5377608,20.347603200000002,21.3700682,21.4275528,22.6565089492,,,,0.006528627160791051,0.024127913679152905,0.0013247331219751,0.003660560403459153,0.0027053545368576183,SSP1,Upper CI,European Free Trade Association,Non-Staples,European Free Trade AssociationNon-Staples
651,8.9407066,10.2774046,9.8472156,10.014857200000002,10.379447,,,,-0.00036084140297481474,-0.009716537835957198,-0.00129010340033376,-0.00018226507238475209,9.981915926894142e-05,SSP1,Lower CI,European Free Trade Association,Staples,European Free Trade AssociationStaples
652,8.9407066,10.2774046,9.8472156,10.014857200000002,10.379447,,,,0.001450056059079996,0.0004652430435200805,-0.00016013723836000304,0.0005178874620799245,0.0005487258782601034,SSP1,Median,European Free Trade Association,Staples,European Free Trade AssociationStaples
653,8.9407066,10.2774046,9.8472156,10.014857200000002,10.379447,,,,0.0033408301519633576,0.004983486478343924,0.0009537920145631617,0.0011805126296563775,0.0010299079965037704,SSP1,Upper CI,European Free Trade Association,Staples,European Free Trade AssociationStaples
672,357.115508,526.89162,760.2044,982.8848,1186.1022,,,,-0.2893304010195457,-1.7499335619199985,-1.6700028213903433,-1.681063348204897,-1.6967142589114605,SSP1,Lower CI,India,Non-Staples,IndiaNon-Staples
673,357.115508,526.89162,760.2044,982.8848,1186.1022,,,,0.11708040382001172,-0.7647483442800365,-1.4267865040999936,-1.5483749513420264,-1.6377908089959874,SSP1,Median,India,Non-Staples,IndiaNon-Staples
674,357.115508,526.89162,760.2044,982.8848,1186.1022,,,,0.4365534971567055,0.11913796191198467,-1.1171911583507275,-1.207920882604188,-1.4196234406236992,SSP1,Upper CI,India,Non-Staples,IndiaNon-Staples
693,1080.3144,1306.1892,1348.721,1374.3876,1395.5818,,,,4.193326052958068,3.587140926522912,3.3215337361490205,3.1738415046720583,3.0038056069319485,SSP1,Lower CI,India,Staples,IndiaStaples
694,1080.3144,1306.1892,1348.721,1374.3876,1395.5818,,,,4.311567200559992,3.840939433839992,3.4247862190400014,3.217990581659997,3.0176981173600055,SSP1,Median,India,Staples,IndiaStaples
695,1080.3144,1306.1892,1348.721,1374.3876,1395.5818,,,,4.491978507281925,4.102998035962409,3.5376787520930923,3.3247771185468817,3.0881577946933274,SSP1,Upper CI,India,Staples,IndiaStaples
714,68.2256694,103.70515,125.4822,173.218906,211.946796,,,,-0.0259582310491326,-2.8932793593115465,-0.48792282010383936,-0.15164783950750355,-0.14498243006671965,SSP1,Lower CI,Indonesia,Non-Staples,IndonesiaNon-Staples
715,68.2256694,103.70515,125.4822,173.218906,211.946796,,,,0.08097601196199378,-0.03580820098200377,-0.0583425491760039,-0.0641281419299986,-0.06263329571400789,SSP1,Median,Indonesia,Non-Staples,IndonesiaNon-Staples
716,68.2256694,103.70515,125.4822,173.218906,211.946796,,,,0.2500328632491211,1.0620057196491408,0.06582893828867684,0.12037820787276006,0.10317931395345993,SSP1,Upper CI,Indonesia,Non-Staples,IndonesiaNon-Staples
735,259.380984,314.993192,339.336528,368.704198,373.09301600000003,,,,0.6445466345602292,-1.9919697398571212,-1.193722592942565,0.0041532045077093405,0.5308953514594212,SSP1,Lower CI,Indonesia,Staples,IndonesiaStaples
736,259.380984,314.993192,339.336528,368.704198,373.09301600000003,,,,0.723595103544401,0.664122203591603,0.6154656470059976,0.5902583191329995,0.5595783841089954,SSP1,Median,Indonesia,Staples,IndonesiaStaples
737,259.380984,314.993192,339.336528,368.704198,373.09301600000003,,,,0.8097633920873165,1.6011020925045865,1.2094673528410707,0.7972602962571098,0.6511128591507642,SSP1,Upper CI,Indonesia,Staples,IndonesiaStaples
756,100.3277952,109.0713992,112.02938520000001,115.6982308,123.371932,,,,-0.48078770315218977,-0.73310912873253,-0.38498982581697105,-0.34606447728070955,-0.32841146771785346,SSP1,Lower CI,Japan,Non-Staples,JapanNon-Staples
757,100.3277952,109.0713992,112.02938520000001,115.6982308,123.371932,,,,-0.3785982969375965,-0.32692514797319916,-0.3086248721028113,-0.2801308954460069,-0.27505765608319166,SSP1,Median,Japan,Non-Staples,JapanNon-Staples
758,100.3277952,109.0713992,112.02938520000001,115.6982308,123.371932,,,,-0.1739900227400554,-0.028715741795924343,-0.23525199760195736,-0.20111278465411195,-0.19866221469112968,SSP1,Upper CI,Japan,Non-Staples,JapanNon-Staples
777,129.12925,118.2195,110.97684000000001,110.22348,109.11622,,,,2.9603315144018807,1.9913614481158386,2.378945503187844,2.5099905446625908,2.467014037972381,SSP1,Lower CI,Japan,Staples,JapanStaples
778,129.12925,118.2195,110.97684000000001,110.22348,109.11622,,,,3.0386560139400025,2.7257246889599998,2.585030808279999,2.5283845886200034,2.48099632916,SSP1,Median,Japan,Staples,JapanStaples
779,129.12925,118.2195,110.97684000000001,110.22348,109.11622,,,,3.0549781469009774,3.1133928481001623,2.676470138182683,2.55302283268057,2.4998782581392,SSP1,Upper CI,Japan,Staples,JapanStaples
798,66.754134,102.134898,125.4997484,143.0285328,155.0941674,,,,-0.11265140441471747,-0.26532632322584077,-0.14009341332887143,-0.12367997588400641,-0.12764123778968853,SSP1,Lower CI,Mexico,Non-Staples,MexicoNon-Staples
799,66.754134,102.134898,125.4997484,143.0285328,155.0941674,,,,-0.07023073478259789,-0.12934128106520149,-0.10244353237559523,-0.10070960631600201,-0.10232227384440051,SSP1,Median,Mexico,Non-Staples,MexicoNon-Staples
800,66.754134,102.134898,125.4997484,143.0285328,155.0941674,,,,-0.005928477632308103,-0.016650944263146325,-0.07484532166072502,-0.06412058602177188,-0.07094072086509177,SSP1,Upper CI,Mexico,Non-Staples,MexicoNon-Staples
819,102.47783,125.74426,121.8724,126.15092,130.48036,,,,0.010582641413468347,-0.03669862100127542,0.0003137973843517902,0.003800465804697191,0.002988325978156502,SSP1,Lower CI,Mexico,Staples,MexicoStaples
820,102.47783,125.74426,121.8724,126.15092,130.48036,,,,0.014699757969999894,9.752806599960806e-05,0.005373967859999329,0.008188442629999848,0.0058949707099995585,SSP1,Median,Mexico,Staples,MexicoStaples
821,102.47783,125.74426,121.8724,126.15092,130.48036,,,,0.02816497481681711,0.021963747398341678,0.011913568839437446,0.011707618177197236,0.009663344069210857,SSP1,Upper CI,Mexico,Staples,MexicoStaples
840,89.3553932,141.153186,194.346812,235.064734,269.085832,,,,-0.2867405751428984,-1.6095921245664462,-0.7871992695205299,-0.6311736283975985,-0.6233988184709167,SSP1,Lower CI,Middle East,Non-Staples,Middle EastNon-Staples
841,89.3553932,141.153186,194.346812,235.064734,269.085832,,,,-0.15349006987399605,-0.47636309827801426,-0.5933732617639862,-0.5472648510919953,-0.5358054281039983,SSP1,Median,Middle East,Non-Staples,Middle EastNon-Staples
842,89.3553932,141.153186,194.346812,235.064734,269.085832,,,,0.10526279354461722,0.1347729907173384,-0.46594960065652274,-0.37756778609631103,-0.4037543544756083,SSP1,Upper CI,Middle East,Non-Staples,Middle EastNon-Staples
861,180.2866,250.65832,242.2884,258.96104,278.60568,,,,0.22287600201919136,-0.17268958121832473,0.07785277577464476,0.17284229739555387,0.175347166611157,SSP1,Lower CI,Middle East,Staples,Middle EastStaples
862,180.2866,250.65832,242.2884,258.96104,278.60568,,,,0.2671875103300003,0.1812233307760014,0.18050932518399954,0.196848439935998,0.18968022915799843,SSP1,Median,Middle East,Staples,Middle EastStaples
863,180.2866,250.65832,242.2884,258.96104,278.60568,,,,0.3251751135585243,0.3567108651556567,0.2317761519560933,0.21696558163770494,0.2063448682764183,SSP1,Upper CI,Middle East,Staples,Middle EastStaples
882,57.453492,95.26806,119.577602,143.2326734,166.02859377000001,,,,-1.2576197538973977,-1.5195918338004422,-1.5946234477486136,-1.7833406571770485,-2.019537108019948,SSP1,Lower CI,Pakistan,Non-Staples,PakistanNon-Staples
883,57.453492,95.26806,119.577602,143.2326734,166.02859377000001,,,,-1.2054529457468277,-1.4010154103312686,-1.5427869618363914,-1.7525810051092492,-1.9925402534583654,SSP1,Median,Pakistan,Non-Staples,PakistanNon-Staples
884,57.453492,95.26806,119.577602,143.2326734,166.02859377000001,,,,-1.1328988731426566,-1.2656361016134778,-1.4851666937865131,-1.7034093527612468,-1.9490859628184394,SSP1,Upper CI,Pakistan,Non-Staples,PakistanNon-Staples
903,117.311286,160.54113999999998,171.60908,181.3999,191.30302,,,,-0.31897415033311816,-0.4208519648054928,-0.47675811640659216,-0.5334801193549942,-0.595169625686969,SSP1,Lower CI,Pakistan,Staples,PakistanStaples
904,117.311286,160.54113999999998,171.60908,181.3999,191.30302,,,,-0.28841543814000037,-0.39601770217,-0.4697765793919997,-0.5281707682719992,-0.5891473337359994,SSP1,Median,Pakistan,Staples,PakistanStaples
905,117.311286,160.54113999999998,171.60908,181.3999,191.30302,,,,-0.2583530520005972,-0.3459871265387733,-0.44877644426751284,-0.5142718097972158,-0.5814594172806096,SSP1,Upper CI,Pakistan,Staples,PakistanStaples
924,146.33445,133.462848,166.857938,179.36042,189.42428999999998,,,,-0.09605943282204082,-0.1815431301577289,-0.12197076560189771,-0.10014820119166573,-0.09297677078741565,SSP1,Lower CI,Russia,Non-Staples,RussiaNon-Staples
925,146.33445,133.462848,166.857938,179.36042,189.42428999999998,,,,-0.055804302223997126,-0.07744804799600047,-0.0845892515399953,-0.07374396606199696,-0.07141688943199398,SSP1,Median,Russia,Non-Staples,RussiaNon-Staples
926,146.33445,133.462848,166.857938,179.36042,189.42428999999998,,,,0.021505848599192058,0.03419745604919602,-0.05611310025873157,-0.0506118070691805,-0.052595584715310804,SSP1,Upper CI,Russia,Non-Staples,RussiaNon-Staples
945,179.4387038,163.883128,159.33344799999998,158.48770000000002,155.80916200000001,,,,0.06343479665674784,0.03788986084979898,0.042309765113749544,0.04728184462487779,0.04703541584705423,SSP1,Lower CI,Russia,Staples,RussiaStaples
946,179.4387038,163.883128,159.33344799999998,158.48770000000002,155.80916200000001,,,,0.07341437852980048,0.05484583495359985,0.048902050853799395,0.050802974609000184,0.04948870550559947,SSP1,Median,Russia,Staples,RussiaStaples
947,179.4387038,163.883128,159.33344799999998,158.48770000000002,155.80916200000001,,,,0.08350474809748115,0.0830208086943601,0.05669436137128194,0.05419165560964842,0.051948616610566434,SSP1,Upper CI,Russia,Staples,RussiaStaples
966,19.459044,29.7515566,40.5882918,48.5003112,54.6326038,,,,-0.10277760137904922,-0.16511465321347937,-0.11230773519870277,-0.10582817607240877,-0.10555883654904467,SSP1,Lower CI,South Africa,Non-Staples,South AfricaNon-Staples
967,19.459044,29.7515566,40.5882918,48.5003112,54.6326038,,,,-0.09005569385040069,-0.1061613761838025,-0.10035050955319846,-0.09550997559020047,-0.09705484688459975,SSP1,Median,South Africa,Non-Staples,South AfricaNon-Staples
968,19.459044,29.7515566,40.5882918,48.5003112,54.6326038,,,,-0.06596088896158099,-0.06874130442998871,-0.08906134929253723,-0.0841292522886247,-0.08602254965773097,SSP1,Upper CI,South Africa,Non-Staples,South AfricaNon-Staples
987,50.207570000000004,67.70330799999999,64.57504,65.60422,67.76984,,,,0.003157451839797068,-0.02730921427086403,-0.006062064284646997,0.00047199406269657525,0.0006483113551359453,SSP1,Lower CI,South Africa,Staples,South AfricaStaples
988,50.207570000000004,67.70330799999999,64.57504,65.60422,67.76984,,,,0.00769321969999992,0.0010145568440000918,0.0006797688260002932,0.0037345196000000414,0.002560895158000065,SSP1,Median,South Africa,Staples,South AfricaStaples
989,50.207570000000004,67.70330799999999,64.57504,65.60422,67.76984,,,,0.01511726013563167,0.011468804118864551,0.005689623263384221,0.005483197649303492,0.004751665511600832,SSP1,Upper CI,South Africa,Staples,South AfricaStaples
1008,15.3765688,21.2573278,30.9336576,31.5854494,34.8600502,,,,-0.034176187523224114,-0.5681502009011468,-0.08944072356061086,0.010728406159631481,0.02064376153496549,SSP1,Lower CI,Northern South America,Non-Staples,Northern South AmericaNon-Staples
1009,15.3765688,21.2573278,30.9336576,31.5854494,34.8600502,,,,-0.019044537680002804,-0.02885174088159914,0.005922574526401547,0.026793865613200296,0.03665667307820186,SSP1,Median,Northern South America,Non-Staples,Northern South AmericaNon-Staples
1010,15.3765688,21.2573278,30.9336576,31.5854494,34.8600502,,,,0.019778491468478696,0.1737126313337091,0.037287000836382055,0.0494997284557776,0.05265235815099453,SSP1,Upper CI,Northern South America,Non-Staples,Northern South AmericaNon-Staples
1029,19.7369426,26.168494000000003,31.038684,25.332192,26.476978000000003,,,,0.0537248190515259,-0.164785905092335,-0.029870174311116708,0.040830604246016915,0.04052506846269658,SSP1,Lower CI,Northern South America,Staples,Northern South AmericaStaples
1030,19.7369426,26.168494000000003,31.038684,25.332192,26.476978000000003,,,,0.06509693067919953,0.045614773623800176,0.04096908675299993,0.04301395949120046,0.041671788764600315,SSP1,Median,Northern South America,Staples,Northern South AmericaStaples
1031,19.7369426,26.168494000000003,31.038684,25.332192,26.476978000000003,,,,0.07429970232007338,0.08692088479588186,0.05109362696579014,0.04673418816735173,0.044878109578882365,SSP1,Upper CI,Northern South America,Staples,Northern South AmericaStaples
1050,36.135314,53.248447999999996,70.412676,83.777026,94.161412,,,,-0.13792463681036038,-0.09822179963064215,0.031275705070851215,0.0484052007844884,0.049138855856439415,SSP1,Lower CI,Southern South America,Non-Staples,Southern South AmericaNon-Staples
1051,36.135314,53.248447999999996,70.412676,83.777026,94.161412,,,,0.09862372315399881,0.05299187075998901,0.059231050944006824,0.06708681239799574,0.06753076018399895,SSP1,Median,Southern South America,Non-Staples,Southern South AmericaNon-Staples
1052,36.135314,53.248447999999996,70.412676,83.777026,94.161412,,,,0.20767399922520985,0.17137434984262395,0.07879318839547217,0.08996804516392964,0.08599963735050674,SSP1,Upper CI,Southern South America,Non-Staples,Southern South AmericaNon-Staples
1071,52.579884,71.978984,74.46088,81.83368,83.58216,,,,-0.008039161170753047,0.026353674404119048,0.041152753511831945,0.043771150939576516,0.042099368604619276,SSP1,Lower CI,Southern South America,Staples,Southern South AmericaStaples
1072,52.579884,71.978984,74.46088,81.83368,83.58216,,,,0.06340630342800013,0.050676065784000635,0.04607448357600008,0.04699159291999955,0.04430944013200033,SSP1,Median,Southern South America,Staples,Southern South AmericaStaples
1073,52.579884,71.978984,74.46088,81.83368,83.58216,,,,0.09756282729818125,0.06818624029694846,0.05112055766143194,0.0496460536667384,0.04677585195243419,SSP1,Upper CI,Southern South America,Staples,Southern South AmericaStaples
1092,37.829444,62.0987494,85.4033992,111.5108296,140.3029128,,,,-0.2476460664521015,-0.8571086657189271,-0.4275544165850689,-0.3790519280133937,-0.39037365848687094,SSP1,Lower CI,South Asia,Non-Staples,South AsiaNon-Staples
1093,37.829444,62.0987494,85.4033992,111.5108296,140.3029128,,,,-0.1774125955900061,-0.31637178658000664,-0.324557668340006,-0.3276913283360017,-0.345390609992009,SSP1,Median,South Asia,Non-Staples,South AsiaNon-Staples
1094,37.829444,62.0987494,85.4033992,111.5108296,140.3029128,,,,-0.08063626286846678,-0.012203224560562664,-0.2706545561444105,-0.25445170826176766,-0.2890141989840895,SSP1,Upper CI,South Asia,Non-Staples,South AsiaNon-Staples
1113,216.2468,316.75508,318.95908,327.62361999999996,337.51905999999997,,,,0.15759857542231506,0.025259590994315184,0.02695186911798561,0.022791590028755474,0.0144645154002696,SSP1,Lower CI,South Asia,Staples,South AsiaStaples
1114,216.2468,316.75508,318.95908,327.62361999999996,337.51905999999997,,,,0.18618982476000134,0.0850341719800003,0.03857090508799921,0.029265791573999778,0.02025265140200183,SSP1,Median,South Asia,Staples,South AsiaStaples
1115,216.2468,316.75508,318.95908,327.62361999999996,337.51905999999997,,,,0.21836101093654295,0.1272876287819494,0.05608451009675221,0.04177234436450594,0.030734769059944593,SSP1,Upper CI,South Asia,Staples,South AsiaStaples
1134,26.6384234,38.9556522,50.839555399999995,62.933056,67.946097,,,,-0.3080516079089096,-0.7360231450001844,-0.35585563564114253,-0.19393329660358533,-0.18452827433119584,SSP1,Lower CI,South Korea,Non-Staples,South KoreaNon-Staples
1135,26.6384234,38.9556522,50.839555399999995,62.933056,67.946097,,,,-0.19933102974998462,-0.15995489033480226,-0.17544029637239333,-0.15111703891780337,-0.14900847974440268,SSP1,Median,South Korea,Non-Staples,South KoreaNon-Staples
1136,26.6384234,38.9556522,50.839555399999995,62.933056,67.946097,,,,-0.05000843466050428,0.058247419815147916,-0.11081694915658015,-0.11441738537540713,-0.0803215402344059,SSP1,Upper CI,South Korea,Non-Staples,South KoreaNon-Staples
1155,58.579968,54.09835,55.262904,50.546132,50.817043999999996,,,,0.26868257595293477,0.025436669474260903,0.17498503501925805,0.18128581229141377,0.18015371047453113,SSP1,Lower CI,South Korea,Staples,South KoreaStaples
1156,58.579968,54.09835,55.262904,50.546132,50.817043999999996,,,,0.3142114528000004,0.22155958199800008,0.20002207052800003,0.19682162218399935,0.18827714635600046,SSP1,Median,South Korea,Staples,South KoreaStaples
1157,58.579968,54.09835,55.262904,50.546132,50.817043999999996,,,,0.33508517134535143,0.3372176054995518,0.2318085428291642,0.2329023022010066,0.20744098044420647,SSP1,Upper CI,South Korea,Staples,South KoreaStaples
1176,122.9917,204.52708,283.029496,340.80537000000004,392.757948,,,,0.20551902343397077,-0.44380416907128123,0.03692753992546545,0.09139813649412637,0.10915459718194823,SSP1,Lower CI,Southeast Asia,Non-Staples,Southeast AsiaNon-Staples
1177,122.9917,204.52708,283.029496,340.80537000000004,392.757948,,,,0.3737801804940091,0.07592395116799366,0.18635108203798723,0.18651786777800794,0.20075053091201767,SSP1,Median,Southeast Asia,Non-Staples,Southeast AsiaNon-Staples
1178,122.9917,204.52708,283.029496,340.80537000000004,392.757948,,,,0.659105174623207,0.6901959637443629,0.28576731142020567,0.3205228170334415,0.3066696733266988,SSP1,Upper CI,Southeast Asia,Non-Staples,Southeast AsiaNon-Staples
1197,304.99036,431.53355999999997,437.29644,450.59202000000005,459.80378,,,,0.894974007835586,0.6853112665892478,0.6999221185717616,0.6825792664784536,0.6532938745898216,SSP1,Lower CI,Southeast Asia,Staples,Southeast AsiaStaples
1198,304.99036,431.53355999999997,437.29644,450.59202000000005,459.80378,,,,0.9951753844400013,0.8015756881860021,0.7392664403180014,0.7085051884300047,0.6695455086679978,SSP1,Median,Southeast Asia,Staples,Southeast AsiaStaples
1199,304.99036,431.53355999999997,437.29644,450.59202000000005,459.80378,,,,1.0393765758289903,0.9223514835598219,0.7708987612977115,0.7317964944240785,0.6933833132421747,SSP1,Upper CI,Southeast Asia,Staples,Southeast AsiaStaples
1218,24.0853766,27.7897436,30.8527934,32.4604038,34.0110672,,,,-0.000510318201493911,-0.05885913897441203,-0.0069466230370478065,-0.000707614469335675,0.001102968853597324,SSP1,Lower CI,Taiwan,Non-Staples,TaiwanNon-Staples
1219,24.0853766,27.7897436,30.8527934,32.4604038,34.0110672,,,,0.007644937215399494,0.0029052673343983315,0.004662793881401228,0.005697244912001409,0.005455527499400148,SSP1,Median,Taiwan,Non-Staples,TaiwanNon-Staples
1220,24.0853766,27.7897436,30.8527934,32.4604038,34.0110672,,,,0.025021781098808944,0.0417034300284599,0.00884757740431266,0.0133682904562211,0.012217284735536307,SSP1,Upper CI,Taiwan,Non-Staples,TaiwanNon-Staples
1239,16.447788,17.96665,17.212722,17.03608,16.907906,,,,0.2619227312955126,0.21926074948525184,0.23263295708259368,0.24261259734862287,0.2420772069073474,SSP1,Lower CI,Taiwan,Staples,TaiwanStaples
1240,16.447788,17.96665,17.212722,17.03608,16.907906,,,,0.2684609499395999,0.25083416854020024,0.24489708907520003,0.2446912732219999,0.243717861624,SSP1,Median,Taiwan,Staples,TaiwanStaples
1241,16.447788,17.96665,17.212722,17.03608,16.907906,,,,0.27500437441928727,0.2738454086864016,0.2532019731639115,0.24775625667967174,0.24616160932623166,SSP1,Upper CI,Taiwan,Staples,TaiwanStaples
1260,37.7524598,44.9868794,51.882258,58.803554,63.2818236,,,,-0.024470437875919616,-0.03311643747063056,0.004091844996309012,0.01788592457495584,0.026288403940455413,SSP1,Lower CI,Argentina,Non-Staples,ArgentinaNon-Staples
1261,37.7524598,44.9868794,51.882258,58.803554,63.2818236,,,,0.032311971997597055,-0.004204519451999289,0.021608607446999883,0.03692271301040506,0.041748985262000105,SSP1,Median,Argentina,Non-Staples,ArgentinaNon-Staples
1262,37.7524598,44.9868794,51.882258,58.803554,63.2818236,,,,0.05910197473243234,0.09987798271508422,0.03939910683846757,0.05218535077943025,0.05417411611430291,SSP1,Upper CI,Argentina,Non-Staples,ArgentinaNon-Staples
1281,31.9329302,33.117304000000004,41.92451,39.085906,39.8131,,,,0.006596884566152551,-0.004158176994893299,-0.0014267921761568182,0.0008310023230161745,0.001140430092422486,SSP1,Lower CI,Argentina,Staples,ArgentinaStaples
1282,31.9329302,33.117304000000004,41.92451,39.085906,39.8131,,,,0.010147383219999861,0.0019391939540001069,0.0014040456380002286,0.0025498816340001618,0.0022508402439997965,SSP1,Median,Argentina,Staples,ArgentinaStaples
1283,31.9329302,33.117304000000004,41.92451,39.085906,39.8131,,,,0.01643734958527579,0.016800247658093254,0.004666875944788478,0.0042395365338258745,0.003453289202966554,SSP1,Upper CI,Argentina,Staples,ArgentinaStaples
1302,22.4245872,35.6244596,47.8329418,62.7620376,69.4450822,,,,0.04175142637584836,-0.051418485481636064,0.025833371086003046,0.04566143276151395,0.047665572450845614,SSP1,Lower CI,Colombia,Non-Staples,ColombiaNon-Staples
1303,22.4245872,35.6244596,47.8329418,62.7620376,69.4450822,,,,0.049441054725601674,0.035485561248002284,0.046797979183200056,0.05312343425320165,0.05417668400519915,SSP1,Median,Colombia,Non-Staples,ColombiaNon-Staples
1304,22.4245872,35.6244596,47.8329418,62.7620376,69.4450822,,,,0.06629574758066979,0.08861146615961453,0.05243411364907227,0.063113293874865,0.06383851509587005,SSP1,Upper CI,Colombia,Non-Staples,ColombiaNon-Staples
1323,26.04717,35.346092,33.673326,36.53284,37.762299999999996,,,,0.011955153826871201,-0.018663701452466173,0.00045218709972991546,0.004248445986710504,0.0044267290832580766,SSP1,Lower CI,Colombia,Staples,ColombiaStaples
1324,26.04717,35.346092,33.673326,36.53284,37.762299999999996,,,,0.01728155265400022,0.006827389461999678,0.004143894775999968,0.0056211692040000205,0.00553283393400017,SSP1,Median,Colombia,Staples,ColombiaStaples
1325,26.04717,35.346092,33.673326,36.53284,37.762299999999996,,,,0.02088620728912885,0.0191773096639324,0.006237844944059535,0.007565141162763077,0.006769135722215807,SSP1,Upper CI,Colombia,Staples,ColombiaStaples
1344,3449.0991142,5003.1104284,6122.777318,7071.0951438,8036.3760969252,,-2736.842967334294,-2899.809096648316,-2680.2733771196163,-1546.2647560775868,-735.2002902138502,-739.0800396159185,-737.8242123051884,SSP1,Lower CI,Global,Non-Staples,GlobalNon-Staples
1345,3449.0991142,5003.1104284,6122.777318,7071.0951438,8036.3760969252,-2541.8807866661436,-2736.8429673342944,-2899.8090966483164,-3022.9403470524276,-11.419623143067838,-8.269508766447416,-8.360344427017026,-8.719911007442533,SSP1,Median,Global,Non-Staples,GlobalNon-Staples
1346,3449.0991142,5003.1104284,6122.777318,7071.0951438,8036.3760969252,,-2736.842967334293,-2899.809096648316,-1352.0477670978544,-242.52269607962592,122.49452944866101,123.82555586529793,122.58398902981884,SSP1,Upper CI,Global,Non-Staples,GlobalNon-Staples
1365,6264.0464512,7514.7490326,7717.3096956,8056.6670732,8236.058435,-336.13433710774166,-334.07803218875483,-333.02246991217214,-291.9789809799513,-157.80620107894117,-67.47749776341067,-66.14468121613379,-64.87006642532432,SSP1,Lower CI,Global,Staples,GlobalStaples
1366,6264.0464512,7514.7490326,7717.3096956,8056.6670732,8236.058435,-336.1343371077416,-334.0780321887548,-333.0224699121722,-330.9874011355652,9.365744173941664,9.525341089468668,9.24976611405333,8.752777368862496,SSP1,Median,Global,Staples,GlobalStaples
1367,6264.0464512,7514.7490326,7717.3096956,8056.6670732,8236.058435,-336.13433710774166,-334.07803218875483,-333.022469912172,-140.77471085448752,-15.94237426557217,22.970348325379124,22.809213290711764,22.09284077072686,SSP1,Upper CI,Global,Staples,GlobalStaples
