,Crop,MGMT,Version,1990,2005,2010,2015,2020,2025,2030,2035,2040,2045,2050,2055,2060,Units,cat
0,Animal Feed,Biochar Application,Lower CI,0.0,0.0,0.0,0.0,0.0,,,,,,,,,thous km2,Animal FeedBiochar Application
1,Animal Feed,Biochar Application,Median,0.0,0.0,0.0,0.0,0.0,,,,0.0,0.0,0.0,0.0,0.0,thous km2,Animal FeedBiochar Application
2,Animal Feed,Biochar Application,Upper CI,0.0,0.0,0.0,0.0,0.0,,,,,,,,,thous km2,Animal FeedBiochar Application
21,Animal Feed,High Intensity,Lower CI,494.307598906156,373.738669569289,366.858365204179,383.009027180859,415.69648989424,,,,480.01346646737835,476.7860974648869,474.3480820323029,473.33609299008197,467.1438693427054,thous km2,Animal FeedHigh Intensity
22,Animal Feed,High Intensity,Median,494.307598906156,373.738669569289,366.858365204179,383.009027180859,415.69648989424,,,,480.862881230343,481.306997395557,475.0465101596442,473.6298386483675,467.2947911775218,thous km2,Animal FeedHigh Intensity
23,Animal Feed,High Intensity,Upper CI,494.307598906156,373.738669569289,366.858365204179,383.009027180859,415.69648989424,,,,482.0765385028871,484.59204784443125,476.1117013793425,474.5682047680998,467.8705713845878,thous km2,Animal FeedHigh Intensity
42,Animal Feed,Low Intensity,Lower CI,494.307598906156,373.738669569289,366.858365204179,383.009027180859,390.502763180907,,,,379.3782653785149,368.27181397830196,360.5873370315358,356.74433670475946,354.44984848353124,thous km2,Animal FeedLow Intensity
43,Animal Feed,Low Intensity,Median,494.307598906156,373.738669569289,366.858365204179,383.009027180859,390.502763180907,,,,380.3005088382127,370.8138610320591,361.5512987395875,357.4911006959476,354.9178574029806,thous km2,Animal FeedLow Intensity
44,Animal Feed,Low Intensity,Upper CI,494.307598906156,373.738669569289,366.858365204179,383.009027180859,390.502763180907,,,,381.0097211428731,371.5932288327061,361.8773502849279,357.8550611290897,355.0910117487034,,Animal FeedLow Intensity
63,Biomass for Energy,High Intensity,Lower CI,0.0,0.0,0.0,0.0,0.0,,,,945.6133466341201,1381.7674145356827,1823.2601035449752,2069.6711029430426,2093.70667797107,,Biomass for EnergyHigh Intensity
64,Biomass for Energy,High Intensity,Median,0.0,0.0,0.0,0.0,0.0,,,,952.48173208329,1389.5751573794103,1833.8925516552165,2072.9487166850245,2096.0036449123336,,Biomass for EnergyHigh Intensity
65,Biomass for Energy,High Intensity,Upper CI,0.0,0.0,0.0,0.0,0.0,,,,955.3582317064087,1399.6783709310262,1863.1643815824218,2081.343663871842,2102.2308343800164,,Biomass for EnergyHigh Intensity
84,Biomass for Energy,Low Intensity,Lower CI,0.0,0.0,0.0,0.0,0.0,,,,718.4955727976048,926.095957485332,1120.93011294151,1147.2073566796807,1146.1353395880114,,Biomass for EnergyLow Intensity
85,Biomass for Energy,Low Intensity,Median,0.0,0.0,0.0,0.0,0.0,,,,724.4883013658622,932.622612427425,1123.5016316950844,1150.6385648767557,1149.0946775440136,,Biomass for EnergyLow Intensity
86,Biomass for Energy,Low Intensity,Upper CI,0.0,0.0,0.0,0.0,0.0,,,,728.6456957818289,941.5967907956352,1127.2573965052163,1152.9136455988323,1151.50119156441,,Biomass for EnergyLow Intensity
105,Corn,Biochar Application,Lower CI,0.0,0.0,0.0,0.0,0.0,,,,44.953839829839865,66.86191951111014,75.11447969153443,77.71569329381984,76.96104928125303,,CornBiochar Application
106,Corn,Biochar Application,Median,0.0,0.0,0.0,0.0,0.0,,,,61.84500072480516,78.40817766166549,85.26655877315487,88.92427885359703,88.49722197357009,,CornBiochar Application
107,Corn,Biochar Application,Upper CI,0.0,0.0,0.0,0.0,0.0,,,,70.66858160772641,88.94961391289912,94.35865551614827,98.00081155346183,97.04277858607063,,CornBiochar Application
126,Corn,High Intensity,Lower CI,576.855543102963,625.276673007107,682.23868606974,754.030931453156,812.0432219897679,,,,834.4826211205024,876.5347625991571,915.354631643634,937.8051327042708,938.284194102666,,CornHigh Intensity
127,Corn,High Intensity,Median,576.855543102963,625.276673007107,682.23868606974,754.030931453156,812.0432219897679,,,,844.773184878727,893.7665398913066,925.2074535872814,943.5659535721924,945.2461675400338,,CornHigh Intensity
128,Corn,High Intensity,Upper CI,576.855543102963,625.276673007107,682.23868606974,754.030931453156,812.0432219897679,,,,862.6973174620581,914.495046489757,935.5685072372299,956.9333550142335,955.7193389804733,,CornHigh Intensity
147,Corn,Low Intensity,Lower CI,576.855543102963,625.276673007107,682.23868566974,754.030931453156,764.9800747272177,,,,696.9475435802375,697.0112554579015,699.77290022391,699.8574726752682,697.1855658086617,,CornLow Intensity
148,Corn,Low Intensity,Median,576.855543102963,625.276673007107,682.23868566974,754.030931453156,764.9800747272177,,,,702.1493977957005,703.7668217971463,702.7316199385724,702.6990247229699,700.4882265984046,,CornLow Intensity
149,Corn,Low Intensity,Upper CI,576.855543102963,625.276673007107,682.23868566974,754.030931453156,764.9800747272177,,,,709.3588730597411,710.0035459647544,707.9021168718134,707.3674520891592,704.286357730776,,CornLow Intensity
168,Fiber Crops,Biochar Application,Lower CI,0.0,0.0,0.0,0.0,0.0,,,,7.271566273944401,9.131746689892449,9.421483351206051,9.430945733027198,9.319924667066147,,Fiber CropsBiochar Application
169,Fiber Crops,Biochar Application,Median,0.0,0.0,0.0,0.0,0.0,,,,10.123730465236461,10.837930814399513,10.68963404776988,10.699197999811885,10.589440296477346,,Fiber CropsBiochar Application
170,Fiber Crops,Biochar Application,Upper CI,0.0,0.0,0.0,0.0,0.0,,,,12.559188373865151,12.16649413026682,11.795368444370768,11.801092390068863,11.652705906251295,,Fiber CropsBiochar Application
189,Fiber Crops,High Intensity,Lower CI,153.010747160117,145.236480578317,133.966318565979,133.192341065293,142.880307952711,,,,164.31919825292582,158.79372112205,155.00819855444428,153.16556933996483,150.63677064615527,,Fiber CropsHigh Intensity
190,Fiber Crops,High Intensity,Median,153.010747160117,145.236480578317,133.966318565979,133.192341065293,142.880307952711,,,,166.2436486961965,161.161656034863,156.08697320924173,153.96335943369303,151.46337667615396,,Fiber CropsHigh Intensity
191,Fiber Crops,High Intensity,Upper CI,153.010747160117,145.236480578317,133.966318565979,133.192341065293,142.880307952711,,,,168.66653028964183,163.34337789150607,157.23640710607935,155.20796000601362,152.60833502388058,,Fiber CropsHigh Intensity
210,Fiber Crops,Low Intensity,Lower CI,153.010746260112,145.236479878318,133.966318565979,133.192341065293,134.160150106311,,,,116.64406400519756,113.1218373615506,110.41247050360688,108.73782246777239,107.5762641920299,,Fiber CropsLow Intensity
211,Fiber Crops,Low Intensity,Median,153.010746260112,145.236479878318,133.966318565979,133.192341065293,134.160150106311,,,,117.2567936009807,113.9753596806822,110.85716936969634,109.22215281594184,108.01139481930586,,Fiber CropsLow Intensity
212,Fiber Crops,Low Intensity,Upper CI,153.010746260112,145.236479878318,133.966318565979,133.192341065293,134.160150106311,,,,118.65773985744606,114.32588006776459,111.3092520917762,109.62414200972347,108.42116461430726,,Fiber CropsLow Intensity
231,Fruits,Biochar Application,Lower CI,0.0,0.0,0.0,0.0,0.0,,,,12.77706593971855,17.72414318860176,17.905413867862094,17.306286328615972,16.378670403825392,,FruitsBiochar Application
232,Fruits,Biochar Application,Median,0.0,0.0,0.0,0.0,0.0,,,,17.72927464071373,21.333571187480494,20.618670481202788,19.926914030850114,18.87742588302954,,FruitsBiochar Application
233,Fruits,Biochar Application,Upper CI,0.0,0.0,0.0,0.0,0.0,,,,19.727064835953325,23.703580918387477,22.891972783594277,22.204937213739523,21.033755950836767,,FruitsBiochar Application
252,Fruits,High Intensity,Lower CI,204.58612558319,259.423292782201,275.138348175762,289.814325068061,313.130882959941,,,,386.6151389498514,391.0191661396726,394.43034477028704,403.89056513272345,408.17776528341847,,FruitsHigh Intensity
253,Fruits,High Intensity,Median,204.58612558319,259.423292782201,275.138348175762,289.814325068061,313.130882959941,,,,388.5220983432346,393.859613411062,396.2604794109238,405.6213198070153,409.8564684885937,,FruitsHigh Intensity
254,Fruits,High Intensity,Upper CI,204.58612558319,259.423292782201,275.138348175762,289.814325068061,313.130882959941,,,,392.5207663807541,397.3361796642715,398.7170017549835,408.0480994315604,412.09943912174276,,FruitsHigh Intensity
273,Fruits,Low Intensity,Lower CI,204.58612548317,259.423292582201,275.138348175762,289.814324968061,292.37798955025715,,,,284.97294782595765,278.96817792386116,275.56506698502074,274.3292112345819,273.23754322599586,,FruitsLow Intensity
274,Fruits,Low Intensity,Median,204.58612548317,259.423292582201,275.138348175762,289.814324968061,292.37798955025715,,,,285.7154497793344,280.9618958754517,276.80280284316984,275.4744979848504,274.2088904692571,,FruitsLow Intensity
275,Fruits,Low Intensity,Upper CI,204.58612548317,259.423292582201,275.138348175762,289.814324968061,292.37798955025715,,,,287.82437962969817,282.69253051565556,277.56418542049164,276.2843445693383,275.04636484641696,,FruitsLow Intensity
294,Legumes,Biochar Application,Lower CI,0.0,0.0,0.0,0.0,0.0,,,,39.46066460824417,58.90298561531108,71.89150357361413,83.60536117443071,95.13037331244293,,LegumesBiochar Application
295,Legumes,Biochar Application,Median,0.0,0.0,0.0,0.0,0.0,,,,55.1587918140445,72.6702019893809,82.9054836032315,96.06225364846159,110.1369613154338,,LegumesBiochar Application
296,Legumes,Biochar Application,Upper CI,0.0,0.0,0.0,0.0,0.0,,,,63.25006545988887,78.27872285442925,89.42793510356799,104.42896016089726,118.9250549529802,,LegumesBiochar Application
315,Legumes,High Intensity,Lower CI,295.709047024474,300.773156314649,308.806505406173,346.216717840909,415.191154111856,,,,715.7101929552205,729.9590432025998,777.0490878147614,831.0085120681849,888.3661731891544,,LegumesHigh Intensity
316,Legumes,High Intensity,Median,295.709047024474,300.773156314649,308.806505406173,346.216717840909,415.191154111856,,,,723.928045404104,759.605702461544,791.026796692871,840.269159124741,899.334512325586,,LegumesHigh Intensity
317,Legumes,High Intensity,Upper CI,295.709047024474,300.773156314649,308.806505406173,346.216717840909,415.191154111856,,,,737.4662734929652,777.4605665664353,801.8629259881566,856.157414752724,916.8654498142458,,LegumesHigh Intensity
336,Legumes,Low Intensity,Lower CI,295.709047024474,300.773156314649,308.806505406173,346.216717840909,370.360487589783,,,,375.31533606715743,359.3381428547615,365.80987097714114,365.7792294602019,368.1129749079802,,LegumesLow Intensity
337,Legumes,Low Intensity,Median,295.709047024474,300.773156314649,308.806505406173,346.216717840909,370.360487589783,,,,377.925962611325,372.193585964695,368.599403883372,368.622558651544,370.831248131837,,LegumesLow Intensity
338,Legumes,Low Intensity,Upper CI,295.709047024474,300.773156314649,308.806505406173,346.216717840909,370.360487589783,,,,382.5479783925588,376.1782933365307,371.0715773164269,371.4405906223444,373.87388512906875,,LegumesLow Intensity
357,Nuts and Seeds,Biochar Application,Lower CI,0.0,0.0,0.0,0.0,0.0,,,,24.967509958838825,34.94218779571283,41.62501463303282,45.17046103578398,48.63207735906512,,Nuts and SeedsBiochar Application
358,Nuts and Seeds,Biochar Application,Median,0.0,0.0,0.0,0.0,0.0,,,,35.48913679840293,42.63791804376442,47.19484547886671,51.00953345620139,55.088687391591904,,Nuts and SeedsBiochar Application
359,Nuts and Seeds,Biochar Application,Upper CI,0.0,0.0,0.0,0.0,0.0,,,,44.8721495345655,47.51838029212875,52.047084792812086,56.46590445065174,60.7726918524703,,Nuts and SeedsBiochar Application
378,Nuts and Seeds,High Intensity,Lower CI,113.120664806738,138.63856428842,154.31585664671,170.66173303676499,203.191756990514,,,,341.89898261142673,357.3111781081878,399.3296796942619,424.1897577176115,450.31234627282345,,Nuts and SeedsHigh Intensity
379,Nuts and Seeds,High Intensity,Median,113.120664806738,138.63856428842,154.31585664671,170.66173303676499,203.191756990514,,,,348.3352013819304,379.0214716345267,404.1608188512685,428.0681139679082,454.9561895142865,,Nuts and SeedsHigh Intensity
380,Nuts and Seeds,High Intensity,Upper CI,113.120664806738,138.63856428842,154.31585664671,170.66173303676499,203.191756990514,,,,358.14820536806644,388.4045386193732,409.0847410483061,434.78706112617584,461.26737345016386,,Nuts and SeedsHigh Intensity
399,Nuts and Seeds,Low Intensity,Lower CI,113.120664706737,138.63856398842,154.31585654671,170.661732836765,182.706414145372,,,,189.7238245881187,188.6292333691237,190.56155037203197,190.64627928544007,191.96204040860727,,Nuts and SeedsLow Intensity
400,Nuts and Seeds,Low Intensity,Median,113.120664706737,138.63856398842,154.31585654671,170.661732836765,182.706414145372,,,,192.2081171671658,192.0592294142911,191.94338663098492,191.9066142337878,193.2181728963898,,Nuts and SeedsLow Intensity
401,Nuts and Seeds,Low Intensity,Upper CI,113.120664706737,138.63856398842,154.31585654671,170.661732836765,182.706414145372,,,,194.91957491820153,193.1254762889505,192.97361762682803,193.0381216868812,194.3873672634689,,Nuts and SeedsLow Intensity
420,Other Crops,Biochar Application,Lower CI,0.0,0.0,0.0,0.0,0.0,,,,47.499311434676656,60.91688733533403,61.44574645449968,60.843841767668096,59.889025507134036,,Other CropsBiochar Application
421,Other Crops,Biochar Application,Median,0.0,0.0,0.0,0.0,0.0,,,,65.75047339199583,71.76014437335839,70.17989188173654,69.68695965091462,68.76528032930484,,Other CropsBiochar Application
422,Other Crops,Biochar Application,Upper CI,0.0,0.0,0.0,0.0,0.0,,,,77.51256692628618,81.08273203611155,77.27612776066128,76.55083117988772,75.27149046738343,,Other CropsBiochar Application
441,Other Crops,High Intensity,Lower CI,1090.032422374371,940.929493584544,898.504441434984,891.550996656329,913.9745851621541,,,,852.7849279924635,808.5787638778438,782.7628134680587,773.9212529667054,765.8491604621756,,Other CropsHigh Intensity
442,Other Crops,High Intensity,Median,1090.032422374371,940.929493584544,898.504441434984,891.550996656329,913.9745851621541,,,,860.2404539072544,821.5430017762562,788.6877376682814,778.2208930667634,771.2467869206718,,Other CropsHigh Intensity
443,Other Crops,High Intensity,Upper CI,1090.032422374371,940.929493584544,898.504441434984,891.550996656329,913.9745851621541,,,,875.4281612997229,840.1322195491225,796.4714560442975,786.4799235038029,777.2713627207884,,Other CropsHigh Intensity
462,Other Crops,Low Intensity,Lower CI,1090.032418474459,940.929491084627,898.504440035008,891.550994356431,882.5033681015215,,,,760.0065800633862,725.822283276996,702.6220291937857,691.6443803108341,685.1917934479685,,Other CropsLow Intensity
463,Other Crops,Low Intensity,Median,1090.032418474459,940.929491084627,898.504440035008,891.550994356431,882.5033681015215,,,,763.5743809802428,732.3435509452295,705.9492312596161,694.388813951845,687.9475919354069,,Other CropsLow Intensity
464,Other Crops,Low Intensity,Upper CI,1090.032418474459,940.929491084627,898.504440035008,891.550994356431,882.5033681015215,,,,771.0567381435129,737.7211957370135,709.1785856807883,698.015837882338,691.2952868275321,,Other CropsLow Intensity
483,Plant Oils,Biochar Application,Lower CI,0.0,0.0,0.0,0.0,0.0,,,,37.114937890942294,56.27949459346702,63.16527882585517,66.45807268924813,67.19063831029611,,Plant OilsBiochar Application
484,Plant Oils,Biochar Application,Median,0.0,0.0,0.0,0.0,0.0,,,,50.621908250105335,66.39306693471298,72.59613005027757,76.57364521809166,77.49765352480647,,Plant OilsBiochar Application
485,Plant Oils,Biochar Application,Upper CI,0.0,0.0,0.0,0.0,0.0,,,,60.398048057028056,74.82798270014378,79.75428167079885,84.06606119821947,84.96190146642128,,Plant OilsBiochar Application
504,Plant Oils,High Intensity,Lower CI,342.805956814502,454.285048009139,522.991169806598,584.039298408355,665.8454444839158,,,,771.9861695937307,825.3490809145438,878.629552617121,918.1738163185662,933.6417547743453,,Plant OilsHigh Intensity
505,Plant Oils,High Intensity,Median,342.805956814502,454.285048009139,522.991169806598,584.039298408355,665.8454444839158,,,,777.5080388111357,836.3376370307892,887.9154391189664,925.8469467787526,939.2634869569404,,Plant OilsHigh Intensity
506,Plant Oils,High Intensity,Upper CI,342.805956814502,454.285048009139,522.991169806598,584.039298408355,665.8454444839158,,,,794.3965286709765,866.4089397775764,900.0807680490085,935.8444868357501,947.7956660785868,,Plant OilsHigh Intensity
525,Plant Oils,Low Intensity,Lower CI,342.805953614481,454.285048009139,522.991169806598,584.039297908357,610.9796079977536,,,,576.5962022421461,579.6790619344986,581.0223140199798,583.1501924121635,583.6657888203396,,Plant OilsLow Intensity
526,Plant Oils,Low Intensity,Median,342.805953614481,454.285048009139,522.991169806598,584.039297908357,610.9796079977536,,,,579.8866955836169,581.8411706851338,583.4454552186213,585.6913577294533,585.9526541674302,,Plant OilsLow Intensity
527,Plant Oils,Low Intensity,Upper CI,342.805953614481,454.285048009139,522.991169806598,584.039297908357,610.9796079977536,,,,585.2547519345801,586.4520892134892,586.9225836889705,588.0629357470589,588.2900392556611,,Plant OilsLow Intensity
546,Rice,Biochar Application,Lower CI,0.0,0.0,0.0,0.0,0.0,,,,30.548148814145218,39.66349505136355,41.41425030949722,40.761748883040426,39.55252765462003,,RiceBiochar Application
547,Rice,Biochar Application,Median,0.0,0.0,0.0,0.0,0.0,,,,41.84258718437254,47.297020810181124,47.41015099137173,46.55866272050563,45.145143964020335,,RiceBiochar Application
548,Rice,Biochar Application,Upper CI,0.0,0.0,0.0,0.0,0.0,,,,51.74050182672207,52.52613849625853,51.60405415264394,50.68525475031997,49.19444111377852,,RiceBiochar Application
567,Rice,High Intensity,Lower CI,523.934603737083,502.94204865513,504.16400759022997,507.295744893986,505.002657023075,,,,591.5532747516093,546.0224199381256,529.0995701759279,519.843107573165,506.78861287413366,,RiceHigh Intensity
568,Rice,High Intensity,Median,523.934603737083,502.94204865513,504.16400759022997,507.295744893986,505.002657023075,,,,605.8192851603281,565.3983576772874,540.1460857856334,523.552327668112,509.6259442840778,,RiceHigh Intensity
569,Rice,High Intensity,Upper CI,523.934603737083,502.94204865513,504.16400759022997,507.295744893986,505.002657023075,,,,609.3380526770468,576.7822244272953,547.5207720440768,529.082934699993,515.0076236839643,,RiceHigh Intensity
588,Rice,Low Intensity,Lower CI,523.93460293703,502.94204795513,504.16400689023,507.295744093986,491.768330180268,,,,438.7199405078294,413.74387823221696,407.5672254343055,404.1946170391048,400.5038301206158,,RiceLow Intensity
589,Rice,Low Intensity,Median,523.93460293703,502.94204795513,504.16400689023,507.295744093986,491.768330180268,,,,441.5862833259986,425.07624247980215,414.38395202487675,406.95751466260754,402.04866946395816,,RiceLow Intensity
590,Rice,Low Intensity,Upper CI,523.93460293703,502.94204795513,504.16400689023,507.295744093986,491.768330180268,,,,446.0758693280917,428.34429236818823,417.7240139625233,408.938755245649,404.11461087641555,,RiceLow Intensity
609,Roots and Tubers,Biochar Application,Lower CI,0.0,0.0,0.0,0.0,0.0,,,,2.991459227059742,5.619683335146087,5.337242698070991,5.027405637329214,4.612274644624082,,Roots and TubersBiochar Application
610,Roots and Tubers,Biochar Application,Median,0.0,0.0,0.0,0.0,0.0,,,,4.160862207185629,7.0805474885051325,6.266618910637261,5.908908926247574,5.428971942868042,,Roots and TubersBiochar Application
611,Roots and Tubers,Biochar Application,Upper CI,0.0,0.0,0.0,0.0,0.0,,,,4.456394605969809,7.459249513933235,6.920505053342927,6.554938787709751,6.001173551405162,,Roots and TubersBiochar Application
630,Roots and Tubers,High Intensity,Lower CI,197.646912337742,202.3735474632899,206.490871147681,219.655782108591,220.6872826417188,,,,197.06153396078773,178.32898401831713,172.0268694257529,168.78324151348673,164.1520195007319,,Roots and TubersHigh Intensity
631,Roots and Tubers,High Intensity,Median,197.646912337742,202.3735474632899,206.490871147681,219.655782108591,220.6872826417188,,,,197.2106409248884,183.9071458665577,172.5595680954821,169.2583988480417,164.5943422931312,,Roots and TubersHigh Intensity
632,Roots and Tubers,High Intensity,Upper CI,197.646912337742,202.3735474632899,206.490871147681,219.655782108591,220.6872826417188,,,,198.63441595806697,187.48753602958496,173.93574274892458,170.14517132883847,165.34274022681615,,Roots and TubersHigh Intensity
651,Roots and Tubers,Low Intensity,Lower CI,197.646912337742,202.3735474632899,206.490871147681,219.655782108591,215.907610854413,,,,185.308851629869,172.70117841420264,167.6882135719496,164.23229139619957,160.7920624390262,,Roots and TubersLow Intensity
652,Roots and Tubers,Low Intensity,Median,197.646912337742,202.3735474632899,206.490871147681,219.655782108591,215.907610854413,,,,185.4721207531296,175.9916064035295,168.0118281404047,164.5717060359702,161.0909227078336,,Roots and TubersLow Intensity
653,Roots and Tubers,Low Intensity,Upper CI,197.646912337742,202.3735474632899,206.490871147681,219.655782108591,215.907610854413,,,,185.9367256636207,177.37353863025922,168.5893904301967,164.93145393584626,161.42112461668574,,Roots and TubersLow Intensity
672,Soybean,Biochar Application,Lower CI,0.0,0.0,0.0,0.0,0.0,,,,32.83180928615479,43.39035114118191,45.43130103963884,46.096190850763676,45.704074569873114,,SoybeanBiochar Application
673,Soybean,Biochar Application,Median,0.0,0.0,0.0,0.0,0.0,,,,45.773792167717,50.7160504750422,51.9328903668039,52.3601385935694,51.8966922524376,,SoybeanBiochar Application
674,Soybean,Biochar Application,Upper CI,0.0,0.0,0.0,0.0,0.0,,,,56.044830386960236,58.892887393080485,57.8816778803597,58.63456893471901,58.11005253104571,,SoybeanBiochar Application
693,Soybean,High Intensity,Lower CI,249.97993461751,381.51392272354,424.73772529649,500.75014628042,548.88944990249,,,,561.4660449672992,572.9799370751803,594.2081839770419,601.2011084101623,599.7120496649216,,SoybeanHigh Intensity
694,Soybean,High Intensity,Median,249.97993461751,381.51392272354,424.73772529649,500.75014628042,548.88944990249,,,,573.549548309331,589.362470394149,606.739012128692,609.592605238642,605.5320168972501,,SoybeanHigh Intensity
695,Soybean,High Intensity,Upper CI,249.97993461751,381.51392272354,424.73772529649,500.75014628042,548.88944990249,,,,577.3375313147033,616.1509469779423,611.5646013534374,614.6428914180863,609.6462258420029,,SoybeanHigh Intensity
714,Soybean,Low Intensity,Lower CI,249.97993461751,381.51392272354,424.73772529649,500.75014628042,512.58725355064,,,,480.67897829734915,478.82675852479224,478.85656370119545,478.3273702681229,478.23548877521256,,SoybeanLow Intensity
715,Soybean,Low Intensity,Median,249.97993461751,381.51392272354,424.73772529649,500.75014628042,512.58725355064,,,,484.96503321340003,483.394615443483,483.72019750705897,481.741307042932,480.989732045268,,SoybeanLow Intensity
716,Soybean,Low Intensity,Upper CI,249.97993461751,381.51392272354,424.73772529649,500.75014628042,512.58725355064,,,,488.85946410839944,489.2814909212267,485.4553457437364,483.4514794931382,482.5799595511515,,SoybeanLow Intensity
735,Sugar Crops,Biochar Application,Lower CI,0.0,0.0,0.0,0.0,0.0,,,,0.9470899664869525,1.9419430152374548,2.0516644513006144,1.955158462799312,1.706633200066354,,Sugar CropsBiochar Application
736,Sugar Crops,Biochar Application,Median,0.0,0.0,0.0,0.0,0.0,,,,1.366713213814582,2.6833606953215066,2.7734478752761076,2.6568010960414066,2.379672074749554,,Sugar CropsBiochar Application
737,Sugar Crops,Biochar Application,Upper CI,0.0,0.0,0.0,0.0,0.0,,,,1.4699492886726786,3.548877444020026,4.018605587661412,4.097704059796531,3.795800639218368,,Sugar CropsBiochar Application
756,Sugar Crops,High Intensity,Lower CI,109.403428255951,103.552468535071,113.354676680315,120.033361910163,146.70687750742968,,,,198.10372243003735,212.3273187294653,222.8967606405606,230.58814817396015,231.81130546372438,,Sugar CropsHigh Intensity
757,Sugar Crops,High Intensity,Median,109.403428255951,103.552468535071,113.354676680315,120.033361910163,146.70687750742968,,,,200.241994994634,216.4707446104203,225.6619108072164,233.03944250951997,233.8951650997239,,Sugar CropsHigh Intensity
758,Sugar Crops,High Intensity,Upper CI,109.403428255951,103.552468535071,113.354676680315,120.033361910163,146.70687750742968,,,,201.89683391783637,220.57661004494847,227.150024417308,238.72719067400905,237.14974047119884,,Sugar CropsHigh Intensity
777,Sugar Crops,Low Intensity,Lower CI,109.403428255951,103.552468535071,113.354676680315,120.033361910163,128.81306228352545,,,,129.35623440751587,129.70171584030172,130.0184071701492,130.97747260165588,131.34497905080255,,Sugar CropsLow Intensity
778,Sugar Crops,Low Intensity,Median,109.403428255951,103.552468535071,113.354676680315,120.033361910163,128.81306228352545,,,,130.16072753939565,130.76019657166643,130.76195545862717,131.5327425100139,131.88667296278646,,Sugar CropsLow Intensity
779,Sugar Crops,Low Intensity,Upper CI,109.403428255951,103.552468535071,113.354676680315,120.033361910163,128.81306228352545,,,,130.30998034461518,131.15718342230682,131.0587042816436,132.0838277837917,132.30515379807136,,Sugar CropsLow Intensity
798,Vegetables,Biochar Application,Lower CI,0.0,0.0,0.0,0.0,0.0,,,,6.29740380959887,9.476219150839437,9.550871314487694,9.090192052136683,8.404228022163288,,VegetablesBiochar Application
799,Vegetables,Biochar Application,Median,0.0,0.0,0.0,0.0,0.0,,,,8.932470914517369,11.419279709566831,10.90196728146076,10.3832697941076,9.607553997538657,,VegetablesBiochar Application
800,Vegetables,Biochar Application,Upper CI,0.0,0.0,0.0,0.0,0.0,,,,9.497313513406782,12.771832970639288,12.384296581624664,11.887780693154848,11.024524291889158,,VegetablesBiochar Application
819,Vegetables,High Intensity,Lower CI,135.644440492834,187.620010626541,192.017550913651,203.50765887319992,223.9390707134518,,,,299.1870286217555,302.5899017263732,304.9271983126446,313.0433801592386,317.1695399761619,,VegetablesHigh Intensity
820,Vegetables,High Intensity,Median,135.644440492834,187.620010626541,192.017550913651,203.50765887319992,223.9390707134518,,,,299.801855290461,304.477270320078,306.20838575088845,314.229787461703,318.3367456088554,,VegetablesHigh Intensity
821,Vegetables,High Intensity,Upper CI,135.644440492834,187.620010626541,192.017550913651,203.50765887319992,223.9390707134518,,,,302.19096162720456,306.7807269973605,307.62230615296573,315.6203721800331,319.5504150387203,,VegetablesHigh Intensity
840,Vegetables,Low Intensity,Lower CI,135.644440492834,187.620010626541,192.017550913651,203.50765887319992,208.7775625331851,,,,207.17478865067375,203.14275609821473,200.97647878857504,200.36252809838734,199.74533639715432,,VegetablesLow Intensity
841,Vegetables,Low Intensity,Median,135.644440492834,187.620010626541,192.017550913651,203.50765887319992,208.7775625331851,,,,207.7003350257193,204.6003841304209,201.8290411495831,201.25603071947168,200.47028636810606,,VegetablesLow Intensity
842,Vegetables,Low Intensity,Upper CI,135.644440492834,187.620010626541,192.017550913651,203.50765887319992,208.7775625331851,,,,208.50424190458529,205.68887324641153,202.25965994219132,201.64555633072567,200.87808933972084,,VegetablesLow Intensity
861,Wheat,Biochar Application,Lower CI,0.0,0.0,0.0,0.0,0.0,,,,50.146997984695886,63.84214881477912,65.27903769679408,64.70935046863872,63.241072584757376,,WheatBiochar Application
862,Wheat,Biochar Application,Median,0.0,0.0,0.0,0.0,0.0,,,,69.41551320757526,73.74551116595623,74.71477545934609,74.25806876367207,72.43971020435016,,WheatBiochar Application
863,Wheat,Biochar Application,Upper CI,0.0,0.0,0.0,0.0,0.0,,,,81.4043282665401,86.53121257017214,82.46495336442594,81.7379075034574,79.91059539914582,,WheatBiochar Application
882,Wheat,High Intensity,Lower CI,975.295532055563,916.70018057668,926.22230664376,911.401450210987,909.6362505718072,,,,924.6266374133648,862.6884656442459,847.9173518642074,841.2757913769553,826.2881177560504,,WheatHigh Intensity
883,Wheat,High Intensity,Median,975.295532055563,916.70018057668,926.22230664376,911.401450210987,909.6362505718072,,,,942.4638458108711,885.5898300140307,860.4170375885336,848.8525678917348,831.662343702409,,WheatHigh Intensity
884,Wheat,High Intensity,Upper CI,975.295532055563,916.70018057668,926.22230664376,911.401450210987,909.6362505718072,,,,963.5315419035438,949.1874549932899,878.3333621520303,856.9844503706854,838.0160107196783,,WheatHigh Intensity
903,Wheat,Low Intensity,Lower CI,975.295514055563,916.70018057668,926.22230664376,911.401450210987,892.3385077319701,,,,816.5916972360914,776.9932849165224,762.0037686875262,755.040948854348,747.9059727238697,,WheatLow Intensity
904,Wheat,Low Intensity,Median,975.295514055563,916.70018057668,926.22230664376,911.401450210987,892.3385077319701,,,,824.1649425646841,788.1886060880133,768.5674104564787,759.1983420229031,751.303755254302,,WheatLow Intensity
905,Wheat,Low Intensity,Upper CI,975.295514055563,916.70018057668,926.22230664376,911.401450210987,892.3385077319701,,,,832.9804289087332,807.3829701049038,775.7665972861164,762.6654707051962,754.5724484023291,,WheatLow Intensity
