,MGMT,Version,1990,2005,2010,2015,2020,2025,2030,2035,2040,2045,2050,2055,2060,Units
0,Biochar Application,Lower CI,0.0,0.0,0.0,0.0,0.0,,,,292.3738854055097,457.3747606091331,503.3415778552141,521.9615885256862,530.5206410251951,thous km2
1,Biochar Application,Median,0.0,0.0,0.0,0.0,0.0,,,,468.54608136891414,556.4589613273645,583.4381453930314,605.1505293935843,616.6259586252063,thous km2
2,Biochar Application,Upper CI,0.0,0.0,0.0,0.0,0.0,,,,585.3410573993224,636.4991600790145,647.4027350030561,671.7923734056671,681.9663031420137,thous km2
21,High Intensity,Lower CI,5462.332957269194,5533.003556713918,5709.806829582252,6015.159514987074,6436.815431905072,,,,8260.110808633566,8700.678592873675,9300.769232982324,9669.868772590171,9746.640000555524,thous km2
22,High Intensity,Median,5462.332957269194,5533.003556713918,5709.806829582252,6015.159514987074,6436.815431905072,,,,8345.972164499071,8865.307338208762,9359.161576734978,9720.19712421734,9797.917032253845,thous km2
23,High Intensity,Upper CI,5462.332957269194,5533.003556713918,5709.806829582252,6015.159514987074,6436.815431905072,,,,8509.42069432247,9081.994415467983,9458.436652386792,9808.594489915164,9876.904272964928,thous km2
42,Low Intensity,Lower CI,5462.332930269182,5533.003552314002,5709.806826982276,6015.159511087178,6078.763182533125,,,,6350.872322371228,6437.541157101408,6562.281046458434,6552.170924332763,6525.233623227179,thous km2
43,Low Intensity,Median,5462.332930269182,5533.003552314002,5709.806826982276,6015.159511087178,6078.763182533125,,,,6393.11171222748,6489.132223199001,6590.376727921357,6580.353100423248,6552.2684132247605,thous km2
44,Low Intensity,Upper CI,5462.332930269182,5533.003552314002,5709.806826982276,6015.159511087178,6078.763182533125,,,,6463.806825517127,6527.272451261055,6618.85046071108,6607.175303281244,6578.889704895399,
